total_fitness,current_fitness,previous_fitness,live_enemies_count,dead_enemies_count,token,created_at
0.05235102,0.05235102,0.0,3,0,eyJhbGciOiJub25lIn0.eyJpYXQiOjE2OTE2Nzg5ODIsImp0aSI6IjM0ZDY0NmE2LTBmNzAtNDMzNC1iNzE5LWE5MTQ3ZDBkMTc0ZCJ9.,2023-08-10 14:52:05 UTC
0.04971524,0.04943287,0.0002823728,3,1,eyJhbGciOiJub25lIn0.eyJpYXQiOjE2OTE2Nzg5ODIsImp0aSI6IjM0ZDY0NmE2LTBmNzAtNDMzNC1iNzE5LWE5MTQ3ZDBkMTc0ZCJ9.,2023-08-10 14:52:10 UTC
0.05250275,0.05192421,0.0005785459,3,2,eyJhbGciOiJub25lIn0.eyJpYXQiOjE2OTE2Nzg5ODIsImp0aSI6IjM0ZDY0NmE2LTBmNzAtNDMzNC1iNzE5LWE5MTQ3ZDBkMTc0ZCJ9.,2023-08-10 14:52:15 UTC
0.06052579,0.0596723,0.0008534885,3,3,eyJhbGciOiJub25lIn0.eyJpYXQiOjE2OTE2Nzg5ODIsImp0aSI6IjM0ZDY0NmE2LTBmNzAtNDMzNC1iNzE5LWE5MTQ3ZDBkMTc0ZCJ9.,2023-08-10 14:52:20 UTC
0.05340702,0.05223736,0.001169655,3,4,eyJhbGciOiJub25lIn0.eyJpYXQiOjE2OTE2Nzg5ODIsImp0aSI6IjM0ZDY0NmE2LTBmNzAtNDMzNC1iNzE5LWE5MTQ3ZDBkMTc0ZCJ9.,2023-08-10 14:52:25 UTC
0.05354012,0.05237046,0.001169655,3,4,eyJhbGciOiJub25lIn0.eyJpYXQiOjE2OTE2Nzg5ODIsImp0aSI6IjM0ZDY0NmE2LTBmNzAtNDMzNC1iNzE5LWE5MTQ3ZDBkMTc0ZCJ9.,2023-08-10 14:52:30 UTC
0.06331474,0.06183512,0.001479616,3,5,eyJhbGciOiJub25lIn0.eyJpYXQiOjE2OTE2Nzg5ODIsImp0aSI6IjM0ZDY0NmE2LTBmNzAtNDMzNC1iNzE5LWE5MTQ3ZDBkMTc0ZCJ9.,2023-08-10 14:52:35 UTC
0.07737327,0.07559045,0.001782816,4,6,eyJhbGciOiJub25lIn0.eyJpYXQiOjE2OTE2Nzg5ODIsImp0aSI6IjM0ZDY0NmE2LTBmNzAtNDMzNC1iNzE5LWE5MTQ3ZDBkMTc0ZCJ9.,2023-08-10 14:52:40 UTC
0.09216616,0.0900728,0.002093362,5,7,eyJhbGciOiJub25lIn0.eyJpYXQiOjE2OTE2Nzg5ODIsImp0aSI6IjM0ZDY0NmE2LTBmNzAtNDMzNC1iNzE5LWE5MTQ3ZDBkMTc0ZCJ9.,2023-08-10 14:52:45 UTC
0.1166732,0.1136534,0.003019876,6,10,eyJhbGciOiJub25lIn0.eyJpYXQiOjE2OTE2Nzg5ODIsImp0aSI6IjM0ZDY0NmE2LTBmNzAtNDMzNC1iNzE5LWE5MTQ3ZDBkMTc0ZCJ9.,2023-08-10 14:52:50 UTC
0.1332403,0.1296117,0.003628662,7,12,eyJhbGciOiJub25lIn0.eyJpYXQiOjE2OTE2Nzg5ODIsImp0aSI6IjM0ZDY0NmE2LTBmNzAtNDMzNC1iNzE5LWE5MTQ3ZDBkMTc0ZCJ9.,2023-08-10 14:52:55 UTC
0.1682535,0.1640061,0.004247452,9,14,eyJhbGciOiJub25lIn0.eyJpYXQiOjE2OTE2Nzg5ODIsImp0aSI6IjM0ZDY0NmE2LTBmNzAtNDMzNC1iNzE5LWE5MTQ3ZDBkMTc0ZCJ9.,2023-08-10 14:53:00 UTC
0.1982653,0.1928059,0.005459461,11,18,eyJhbGciOiJub25lIn0.eyJpYXQiOjE2OTE2Nzg5ODIsImp0aSI6IjM0ZDY0NmE2LTBmNzAtNDMzNC1iNzE5LWE5MTQ3ZDBkMTc0ZCJ9.,2023-08-10 14:53:05 UTC
0.2407978,0.2353384,0.005459461,14,18,eyJhbGciOiJub25lIn0.eyJpYXQiOjE2OTE2Nzg5ODIsImp0aSI6IjM0ZDY0NmE2LTBmNzAtNDMzNC1iNzE5LWE5MTQ3ZDBkMTc0ZCJ9.,2023-08-10 14:53:10 UTC
0.2397917,0.2337529,0.006038767,14,20,eyJhbGciOiJub25lIn0.eyJpYXQiOjE2OTE2Nzg5ODIsImp0aSI6IjM0ZDY0NmE2LTBmNzAtNDMzNC1iNzE5LWE5MTQ3ZDBkMTc0ZCJ9.,2023-08-10 14:53:15 UTC
0.3456314,0.339309,0.006322415,18,21,eyJhbGciOiJub25lIn0.eyJpYXQiOjE2OTE2Nzg5ODIsImp0aSI6IjM0ZDY0NmE2LTBmNzAtNDMzNC1iNzE5LWE5MTQ3ZDBkMTc0ZCJ9.,2023-08-10 14:53:20 UTC
0.3741956,0.3672275,0.006968072,18,23,eyJhbGciOiJub25lIn0.eyJpYXQiOjE2OTE2Nzg5ODIsImp0aSI6IjM0ZDY0NmE2LTBmNzAtNDMzNC1iNzE5LWE5MTQ3ZDBkMTc0ZCJ9.,2023-08-10 14:53:25 UTC
0.3482882,0.3403695,0.007918678,18,26,eyJhbGciOiJub25lIn0.eyJpYXQiOjE2OTE2Nzg5ODIsImp0aSI6IjM0ZDY0NmE2LTBmNzAtNDMzNC1iNzE5LWE5MTQ3ZDBkMTc0ZCJ9.,2023-08-10 14:53:30 UTC
0.3469853,0.3387648,0.008220488,18,27,eyJhbGciOiJub25lIn0.eyJpYXQiOjE2OTE2Nzg5ODIsImp0aSI6IjM0ZDY0NmE2LTBmNzAtNDMzNC1iNzE5LWE5MTQ3ZDBkMTc0ZCJ9.,2023-08-10 14:53:35 UTC
0.3323908,0.3232731,0.009117699,18,30,eyJhbGciOiJub25lIn0.eyJpYXQiOjE2OTE2Nzg5ODIsImp0aSI6IjM0ZDY0NmE2LTBmNzAtNDMzNC1iNzE5LWE5MTQ3ZDBkMTc0ZCJ9.,2023-08-10 14:53:40 UTC
0.3543516,0.3426963,0.01165522,18,38,eyJhbGciOiJub25lIn0.eyJpYXQiOjE2OTE2Nzg5ODIsImp0aSI6IjM0ZDY0NmE2LTBmNzAtNDMzNC1iNzE5LWE5MTQ3ZDBkMTc0ZCJ9.,2023-08-10 14:53:45 UTC
0.3177485,0.3049222,0.01282637,18,42,eyJhbGciOiJub25lIn0.eyJpYXQiOjE2OTE2Nzg5ODIsImp0aSI6IjM0ZDY0NmE2LTBmNzAtNDMzNC1iNzE5LWE5MTQ3ZDBkMTc0ZCJ9.,2023-08-10 14:53:50 UTC
0.4479072,0.4345248,0.01338239,26,44,eyJhbGciOiJub25lIn0.eyJpYXQiOjE2OTE2Nzg5ODIsImp0aSI6IjM0ZDY0NmE2LTBmNzAtNDMzNC1iNzE5LWE5MTQ3ZDBkMTc0ZCJ9.,2023-08-10 14:53:55 UTC
0.4593398,0.4441964,0.01514335,26,50,eyJhbGciOiJub25lIn0.eyJpYXQiOjE2OTE2Nzg5ODIsImp0aSI6IjM0ZDY0NmE2LTBmNzAtNDMzNC1iNzE5LWE5MTQ3ZDBkMTc0ZCJ9.,2023-08-10 14:54:00 UTC
0.4697778,0.4536833,0.01609452,26,53,eyJhbGciOiJub25lIn0.eyJpYXQiOjE2OTE2Nzg5ODIsImp0aSI6IjM0ZDY0NmE2LTBmNzAtNDMzNC1iNzE5LWE5MTQ3ZDBkMTc0ZCJ9.,2023-08-10 14:54:05 UTC
0.5077393,0.4891207,0.01861862,26,61,eyJhbGciOiJub25lIn0.eyJpYXQiOjE2OTE2Nzg5ODIsImp0aSI6IjM0ZDY0NmE2LTBmNzAtNDMzNC1iNzE5LWE5MTQ3ZDBkMTc0ZCJ9.,2023-08-10 14:54:10 UTC
0.472558,0.4530495,0.01950849,26,64,eyJhbGciOiJub25lIn0.eyJpYXQiOjE2OTE2Nzg5ODIsImp0aSI6IjM0ZDY0NmE2LTBmNzAtNDMzNC1iNzE5LWE5MTQ3ZDBkMTc0ZCJ9.,2023-08-10 14:54:15 UTC
0.7549579,0.7330503,0.02190756,41,72,eyJhbGciOiJub25lIn0.eyJpYXQiOjE2OTE2Nzg5ODIsImp0aSI6IjM0ZDY0NmE2LTBmNzAtNDMzNC1iNzE5LWE5MTQ3ZDBkMTc0ZCJ9.,2023-08-10 14:54:20 UTC
0.7863328,0.7622185,0.02411429,41,79,eyJhbGciOiJub25lIn0.eyJpYXQiOjE2OTE2Nzg5ODIsImp0aSI6IjM0ZDY0NmE2LTBmNzAtNDMzNC1iNzE5LWE5MTQ3ZDBkMTc0ZCJ9.,2023-08-10 14:54:25 UTC
0.7504412,0.7237522,0.02668897,41,87,eyJhbGciOiJub25lIn0.eyJpYXQiOjE2OTE2Nzg5ODIsImp0aSI6IjM0ZDY0NmE2LTBmNzAtNDMzNC1iNzE5LWE5MTQ3ZDBkMTc0ZCJ9.,2023-08-10 14:54:30 UTC
0.7172706,0.688318,0.02895261,41,94,eyJhbGciOiJub25lIn0.eyJpYXQiOjE2OTE2Nzg5ODIsImp0aSI6IjM0ZDY0NmE2LTBmNzAtNDMzNC1iNzE5LWE5MTQ3ZDBkMTc0ZCJ9.,2023-08-10 14:54:35 UTC
0.7043533,0.67283,0.03152331,41,102,eyJhbGciOiJub25lIn0.eyJpYXQiOjE2OTE2Nzg5ODIsImp0aSI6IjM0ZDY0NmE2LTBmNzAtNDMzNC1iNzE5LWE5MTQ3ZDBkMTc0ZCJ9.,2023-08-10 14:54:40 UTC
0.7406344,0.7072573,0.03337705,41,108,eyJhbGciOiJub25lIn0.eyJpYXQiOjE2OTE2Nzg5ODIsImp0aSI6IjM0ZDY0NmE2LTBmNzAtNDMzNC1iNzE5LWE5MTQ3ZDBkMTc0ZCJ9.,2023-08-10 14:54:45 UTC
0.7357497,0.6998066,0.03594311,41,116,eyJhbGciOiJub25lIn0.eyJpYXQiOjE2OTE2Nzg5ODIsImp0aSI6IjM0ZDY0NmE2LTBmNzAtNDMzNC1iNzE5LWE5MTQ3ZDBkMTc0ZCJ9.,2023-08-10 14:54:50 UTC
1.294628,1.257053,0.03757456,79,121,eyJhbGciOiJub25lIn0.eyJpYXQiOjE2OTE2Nzg5ODIsImp0aSI6IjM0ZDY0NmE2LTBmNzAtNDMzNC1iNzE5LWE5MTQ3ZDBkMTc0ZCJ9.,2023-08-10 14:54:55 UTC
0.2735407,0.2341646,0.03937616,14,127,eyJhbGciOiJub25lIn0.eyJpYXQiOjE2OTE2Nzg5ODIsImp0aSI6IjM0ZDY0NmE2LTBmNzAtNDMzNC1iNzE5LWE5MTQ3ZDBkMTc0ZCJ9.,2023-08-10 14:55:00 UTC
0.04734032,0.04734032,0.0,3,0,eyJhbGciOiJub25lIn0.eyJpYXQiOjE2OTE2NzkzMTAsImp0aSI6IjVkYmFkY2JkLTY5YjYtNGZkMC1iZTM3LWJiZDU0ZDc4NmRlOCJ9.,2023-08-10 14:57:07 UTC
0.06550683,0.06519579,0.0003110423,3,1,eyJhbGciOiJub25lIn0.eyJpYXQiOjE2OTE2NzkzMTAsImp0aSI6IjVkYmFkY2JkLTY5YjYtNGZkMC1iZTM3LWJiZDU0ZDc4NmRlOCJ9.,2023-08-10 14:57:11 UTC
0.05272587,0.05178977,0.0009361057,3,3,eyJhbGciOiJub25lIn0.eyJpYXQiOjE2OTE2NzkzMTAsImp0aSI6IjVkYmFkY2JkLTY5YjYtNGZkMC1iZTM3LWJiZDU0ZDc4NmRlOCJ9.,2023-08-10 14:57:16 UTC
0.05535456,0.05411568,0.001238881,3,4,eyJhbGciOiJub25lIn0.eyJpYXQiOjE2OTE2NzkzMTAsImp0aSI6IjVkYmFkY2JkLTY5YjYtNGZkMC1iZTM3LWJiZDU0ZDc4NmRlOCJ9.,2023-08-10 14:57:21 UTC
0.04918772,0.04794883,0.001238881,3,4,eyJhbGciOiJub25lIn0.eyJpYXQiOjE2OTE2NzkzMTAsImp0aSI6IjVkYmFkY2JkLTY5YjYtNGZkMC1iZTM3LWJiZDU0ZDc4NmRlOCJ9.,2023-08-10 14:57:26 UTC
0.06443342,0.06319454,0.001238881,3,4,eyJhbGciOiJub25lIn0.eyJpYXQiOjE2OTE2NzkzMTAsImp0aSI6IjVkYmFkY2JkLTY5YjYtNGZkMC1iZTM3LWJiZDU0ZDc4NmRlOCJ9.,2023-08-10 14:57:31 UTC
0.06310398,0.06121702,0.001886958,3,6,eyJhbGciOiJub25lIn0.eyJpYXQiOjE2OTE2NzkzMTAsImp0aSI6IjVkYmFkY2JkLTY5YjYtNGZkMC1iZTM3LWJiZDU0ZDc4NmRlOCJ9.,2023-08-10 14:57:36 UTC
0.05315984,0.05064126,0.002518582,3,8,eyJhbGciOiJub25lIn0.eyJpYXQiOjE2OTE2NzkzMTAsImp0aSI6IjVkYmFkY2JkLTY5YjYtNGZkMC1iZTM3LWJiZDU0ZDc4NmRlOCJ9.,2023-08-10 14:57:41 UTC
0.06539846,0.06287988,0.002518582,4,8,eyJhbGciOiJub25lIn0.eyJpYXQiOjE2OTE2NzkzMTAsImp0aSI6IjVkYmFkY2JkLTY5YjYtNGZkMC1iZTM3LWJiZDU0ZDc4NmRlOCJ9.,2023-08-10 14:57:46 UTC
0.1034033,0.1000872,0.003316132,5,11,eyJhbGciOiJub25lIn0.eyJpYXQiOjE2OTE2NzkzMTAsImp0aSI6IjVkYmFkY2JkLTY5YjYtNGZkMC1iZTM3LWJiZDU0ZDc4NmRlOCJ9.,2023-08-10 14:57:51 UTC
0.1149497,0.1107729,0.004176798,6,14,eyJhbGciOiJub25lIn0.eyJpYXQiOjE2OTE2NzkzMTAsImp0aSI6IjVkYmFkY2JkLTY5YjYtNGZkMC1iZTM3LWJiZDU0ZDc4NmRlOCJ9.,2023-08-10 14:57:56 UTC
0.1323995,0.1277011,0.004698426,7,16,eyJhbGciOiJub25lIn0.eyJpYXQiOjE2OTE2NzkzMTAsImp0aSI6IjVkYmFkY2JkLTY5YjYtNGZkMC1iZTM3LWJiZDU0ZDc4NmRlOCJ9.,2023-08-10 14:58:01 UTC
0.1726609,0.1676546,0.005006333,9,17,eyJhbGciOiJub25lIn0.eyJpYXQiOjE2OTE2NzkzMTAsImp0aSI6IjVkYmFkY2JkLTY5YjYtNGZkMC1iZTM3LWJiZDU0ZDc4NmRlOCJ9.,2023-08-10 14:58:06 UTC
0.2250516,0.2194213,0.005630365,11,19,eyJhbGciOiJub25lIn0.eyJpYXQiOjE2OTE2NzkzMTAsImp0aSI6IjVkYmFkY2JkLTY5YjYtNGZkMC1iZTM3LWJiZDU0ZDc4NmRlOCJ9.,2023-08-10 14:58:11 UTC
0.2512954,0.2448772,0.006418142,14,22,eyJhbGciOiJub25lIn0.eyJpYXQiOjE2OTE2NzkzMTAsImp0aSI6IjVkYmFkY2JkLTY5YjYtNGZkMC1iZTM3LWJiZDU0ZDc4NmRlOCJ9.,2023-08-10 14:58:16 UTC
0.3297494,0.3230161,0.006733283,18,23,eyJhbGciOiJub25lIn0.eyJpYXQiOjE2OTE2NzkzMTAsImp0aSI6IjVkYmFkY2JkLTY5YjYtNGZkMC1iZTM3LWJiZDU0ZDc4NmRlOCJ9.,2023-08-10 14:58:21 UTC
0.3676159,0.3605645,0.007051381,18,24,eyJhbGciOiJub25lIn0.eyJpYXQiOjE2OTE2NzkzMTAsImp0aSI6IjVkYmFkY2JkLTY5YjYtNGZkMC1iZTM3LWJiZDU0ZDc4NmRlOCJ9.,2023-08-10 14:58:26 UTC
0.3853998,0.3773841,0.008015626,18,27,eyJhbGciOiJub25lIn0.eyJpYXQiOjE2OTE2NzkzMTAsImp0aSI6IjVkYmFkY2JkLTY5YjYtNGZkMC1iZTM3LWJiZDU0ZDc4NmRlOCJ9.,2023-08-10 14:58:31 UTC
0.3479129,0.3387895,0.009123409,18,31,eyJhbGciOiJub25lIn0.eyJpYXQiOjE2OTE2NzkzMTAsImp0aSI6IjVkYmFkY2JkLTY5YjYtNGZkMC1iZTM3LWJiZDU0ZDc4NmRlOCJ9.,2023-08-10 14:58:36 UTC
0.3586764,0.3486906,0.009985804,18,34,eyJhbGciOiJub25lIn0.eyJpYXQiOjE2OTE2NzkzMTAsImp0aSI6IjVkYmFkY2JkLTY5YjYtNGZkMC1iZTM3LWJiZDU0ZDc4NmRlOCJ9.,2023-08-10 14:58:41 UTC
0.3427492,0.3316044,0.01114481,18,38,eyJhbGciOiJub25lIn0.eyJpYXQiOjE2OTE2NzkzMTAsImp0aSI6IjVkYmFkY2JkLTY5YjYtNGZkMC1iZTM3LWJiZDU0ZDc4NmRlOCJ9.,2023-08-10 14:58:46 UTC
0.04188288,0.04188288,0.0,3,0,eyJhbGciOiJub25lIn0.eyJpYXQiOjE2OTE3NzU3NDcsImp0aSI6ImJlYTlhM2Q5LWYzN2QtNDNjYy05YjhlLTExOTI5NTNlZmE0NiJ9.,2023-08-11 17:45:08 UTC
0.06247848,0.06247848,0.0,3,0,eyJhbGciOiJub25lIn0.eyJpYXQiOjE2OTE3NzU3NDcsImp0aSI6ImJlYTlhM2Q5LWYzN2QtNDNjYy05YjhlLTExOTI5NTNlZmE0NiJ9.,2023-08-11 17:45:13 UTC
0.06852823,0.06852823,0.0,3,0,eyJhbGciOiJub25lIn0.eyJpYXQiOjE2OTE3NzU3NDcsImp0aSI6ImJlYTlhM2Q5LWYzN2QtNDNjYy05YjhlLTExOTI5NTNlZmE0NiJ9.,2023-08-11 17:45:18 UTC
0.07213323,0.07118227,0.0009509554,3,3,eyJhbGciOiJub25lIn0.eyJpYXQiOjE2OTE3NzU3NDcsImp0aSI6ImJlYTlhM2Q5LWYzN2QtNDNjYy05YjhlLTExOTI5NTNlZmE0NiJ9.,2023-08-11 17:45:25 UTC
0.05156652,0.05061556,0.0009509554,3,3,eyJhbGciOiJub25lIn0.eyJpYXQiOjE2OTE3NzU3NDcsImp0aSI6ImJlYTlhM2Q5LWYzN2QtNDNjYy05YjhlLTExOTI5NTNlZmE0NiJ9.,2023-08-11 17:45:30 UTC
0.05653879,0.05530282,0.001235968,3,4,eyJhbGciOiJub25lIn0.eyJpYXQiOjE2OTE3NzU3NDcsImp0aSI6ImJlYTlhM2Q5LWYzN2QtNDNjYy05YjhlLTExOTI5NTNlZmE0NiJ9.,2023-08-11 17:45:35 UTC
0.05496697,0.05344421,0.001522757,3,5,eyJhbGciOiJub25lIn0.eyJpYXQiOjE2OTE3NzU3NDcsImp0aSI6ImJlYTlhM2Q5LWYzN2QtNDNjYy05YjhlLTExOTI5NTNlZmE0NiJ9.,2023-08-11 17:45:40 UTC
0.06311779,0.06134648,0.001771317,3,6,eyJhbGciOiJub25lIn0.eyJpYXQiOjE2OTE3NzU3NDcsImp0aSI6ImJlYTlhM2Q5LWYzN2QtNDNjYy05YjhlLTExOTI5NTNlZmE0NiJ9.,2023-08-11 17:45:45 UTC
0.07184633,0.06916746,0.00267887,3,9,eyJhbGciOiJub25lIn0.eyJpYXQiOjE2OTE3NzU3NDcsImp0aSI6ImJlYTlhM2Q5LWYzN2QtNDNjYy05YjhlLTExOTI5NTNlZmE0NiJ9.,2023-08-11 17:45:50 UTC
0.05589684,0.05321797,0.00267887,3,9,eyJhbGciOiJub25lIn0.eyJpYXQiOjE2OTE3NzU3NDcsImp0aSI6ImJlYTlhM2Q5LWYzN2QtNDNjYy05YjhlLTExOTI5NTNlZmE0NiJ9.,2023-08-11 17:45:55 UTC
0.04500101,0.04153066,0.003470353,3,12,eyJhbGciOiJub25lIn0.eyJpYXQiOjE2OTE3NzU3NDcsImp0aSI6ImJlYTlhM2Q5LWYzN2QtNDNjYy05YjhlLTExOTI5NTNlZmE0NiJ9.,2023-08-11 17:46:00 UTC
0.04832479,0.04463091,0.003693878,3,13,eyJhbGciOiJub25lIn0.eyJpYXQiOjE2OTE3NzU3NDcsImp0aSI6ImJlYTlhM2Q5LWYzN2QtNDNjYy05YjhlLTExOTI5NTNlZmE0NiJ9.,2023-08-11 17:46:05 UTC
0.05412759,0.04992256,0.004205022,3,15,eyJhbGciOiJub25lIn0.eyJpYXQiOjE2OTE3NzU3NDcsImp0aSI6ImJlYTlhM2Q5LWYzN2QtNDNjYy05YjhlLTExOTI5NTNlZmE0NiJ9.,2023-08-11 17:46:10 UTC
0.05301026,0.04852565,0.004484609,3,16,eyJhbGciOiJub25lIn0.eyJpYXQiOjE2OTE3NzU3NDcsImp0aSI6ImJlYTlhM2Q5LWYzN2QtNDNjYy05YjhlLTExOTI5NTNlZmE0NiJ9.,2023-08-11 17:46:15 UTC
0.06134091,0.05631677,0.005024139,3,18,eyJhbGciOiJub25lIn0.eyJpYXQiOjE2OTE3NzU3NDcsImp0aSI6ImJlYTlhM2Q5LWYzN2QtNDNjYy05YjhlLTExOTI5NTNlZmE0NiJ9.,2023-08-11 17:46:20 UTC
0.05125728,0.04598758,0.0052697,3,19,eyJhbGciOiJub25lIn0.eyJpYXQiOjE2OTE3NzU3NDcsImp0aSI6ImJlYTlhM2Q5LWYzN2QtNDNjYy05YjhlLTExOTI5NTNlZmE0NiJ9.,2023-08-11 17:46:25 UTC
0.05423222,0.04841281,0.005819406,3,21,eyJhbGciOiJub25lIn0.eyJpYXQiOjE2OTE3NzU3NDcsImp0aSI6ImJlYTlhM2Q5LWYzN2QtNDNjYy05YjhlLTExOTI5NTNlZmE0NiJ9.,2023-08-11 17:46:30 UTC
0.07834461,0.07193725,0.006407355,4,23,eyJhbGciOiJub25lIn0.eyJpYXQiOjE2OTE3NzU3NDcsImp0aSI6ImJlYTlhM2Q5LWYzN2QtNDNjYy05YjhlLTExOTI5NTNlZmE0NiJ9.,2023-08-11 17:46:35 UTC
0.1000042,0.0929995,0.007004657,5,25,eyJhbGciOiJub25lIn0.eyJpYXQiOjE2OTE3NzU3NDcsImp0aSI6ImJlYTlhM2Q5LWYzN2QtNDNjYy05YjhlLTExOTI5NTNlZmE0NiJ9.,2023-08-11 17:46:40 UTC
0.1139806,0.1061297,0.007850884,6,28,eyJhbGciOiJub25lIn0.eyJpYXQiOjE2OTE3NzU3NDcsImp0aSI6ImJlYTlhM2Q5LWYzN2QtNDNjYy05YjhlLTExOTI5NTNlZmE0NiJ9.,2023-08-11 17:46:45 UTC
0.1528785,0.1450276,0.007850884,7,28,eyJhbGciOiJub25lIn0.eyJpYXQiOjE2OTE3NzU3NDcsImp0aSI6ImJlYTlhM2Q5LWYzN2QtNDNjYy05YjhlLTExOTI5NTNlZmE0NiJ9.,2023-08-11 17:46:50 UTC
0.166869,0.1590181,0.007850884,9,28,eyJhbGciOiJub25lIn0.eyJpYXQiOjE2OTE3NzU3NDcsImp0aSI6ImJlYTlhM2Q5LWYzN2QtNDNjYy05YjhlLTExOTI5NTNlZmE0NiJ9.,2023-08-11 17:46:55 UTC
0.2354249,0.227574,0.007850884,11,28,eyJhbGciOiJub25lIn0.eyJpYXQiOjE2OTE3NzU3NDcsImp0aSI6ImJlYTlhM2Q5LWYzN2QtNDNjYy05YjhlLTExOTI5NTNlZmE0NiJ9.,2023-08-11 17:47:00 UTC
0.2266158,0.2187649,0.007850884,11,28,eyJhbGciOiJub25lIn0.eyJpYXQiOjE2OTE3NzU3NDcsImp0aSI6ImJlYTlhM2Q5LWYzN2QtNDNjYy05YjhlLTExOTI5NTNlZmE0NiJ9.,2023-08-11 17:47:05 UTC
0.2198823,0.2105739,0.009308378,11,33,eyJhbGciOiJub25lIn0.eyJpYXQiOjE2OTE3NzU3NDcsImp0aSI6ImJlYTlhM2Q5LWYzN2QtNDNjYy05YjhlLTExOTI5NTNlZmE0NiJ9.,2023-08-11 17:47:10 UTC
0.2413295,0.2307048,0.0106247,14,38,eyJhbGciOiJub25lIn0.eyJpYXQiOjE2OTE3NzU3NDcsImp0aSI6ImJlYTlhM2Q5LWYzN2QtNDNjYy05YjhlLTExOTI5NTNlZmE0NiJ9.,2023-08-11 17:47:15 UTC
0.04345651,0.04345651,0.0,3,0,eyJhbGciOiJub25lIn0.eyJpYXQiOjE2OTE3NzYyMTAsImp0aSI6ImFjNDJjYTU4LTZkYWQtNDE1Yy04ZmQxLTJiNjYxNjhhYmY0MyJ9.,2023-08-11 17:53:41 UTC
0.06733117,0.0670255,0.0003056677,3,1,eyJhbGciOiJub25lIn0.eyJpYXQiOjE2OTE3NzYyMTAsImp0aSI6ImFjNDJjYTU4LTZkYWQtNDE1Yy04ZmQxLTJiNjYxNjhhYmY0MyJ9.,2023-08-11 17:53:46 UTC
0.04411363,0.04319153,0.0009220941,3,3,eyJhbGciOiJub25lIn0.eyJpYXQiOjE2OTE3NzYyMTAsImp0aSI6ImFjNDJjYTU4LTZkYWQtNDE1Yy04ZmQxLTJiNjYxNjhhYmY0MyJ9.,2023-08-11 17:53:51 UTC
0.06107475,0.05984782,0.001226932,3,4,eyJhbGciOiJub25lIn0.eyJpYXQiOjE2OTE3NzYyMTAsImp0aSI6ImFjNDJjYTU4LTZkYWQtNDE1Yy04ZmQxLTJiNjYxNjhhYmY0MyJ9.,2023-08-11 17:53:56 UTC
0.04891368,0.04737365,0.001540035,3,5,eyJhbGciOiJub25lIn0.eyJpYXQiOjE2OTE3NzYyMTAsImp0aSI6ImFjNDJjYTU4LTZkYWQtNDE1Yy04ZmQxLTJiNjYxNjhhYmY0MyJ9.,2023-08-11 17:54:01 UTC
0.07085016,0.06844654,0.002403625,4,8,eyJhbGciOiJub25lIn0.eyJpYXQiOjE2OTE3NzYyMTAsImp0aSI6ImFjNDJjYTU4LTZkYWQtNDE1Yy04ZmQxLTJiNjYxNjhhYmY0MyJ9.,2023-08-11 17:54:06 UTC
0.09833807,0.09540121,0.002936859,5,10,eyJhbGciOiJub25lIn0.eyJpYXQiOjE2OTE3NzYyMTAsImp0aSI6ImFjNDJjYTU4LTZkYWQtNDE1Yy04ZmQxLTJiNjYxNjhhYmY0MyJ9.,2023-08-11 17:54:11 UTC
0.1172327,0.1134168,0.003815898,6,13,eyJhbGciOiJub25lIn0.eyJpYXQiOjE2OTE3NzYyMTAsImp0aSI6ImFjNDJjYTU4LTZkYWQtNDE1Yy04ZmQxLTJiNjYxNjhhYmY0MyJ9.,2023-08-11 17:54:16 UTC
0.1409969,0.1365682,0.004428708,7,15,eyJhbGciOiJub25lIn0.eyJpYXQiOjE2OTE3NzYyMTAsImp0aSI6ImFjNDJjYTU4LTZkYWQtNDE1Yy04ZmQxLTJiNjYxNjhhYmY0MyJ9.,2023-08-11 17:54:21 UTC
0.1652173,0.1599411,0.005276208,9,18,eyJhbGciOiJub25lIn0.eyJpYXQiOjE2OTE3NzYyMTAsImp0aSI6ImFjNDJjYTU4LTZkYWQtNDE1Yy04ZmQxLTJiNjYxNjhhYmY0MyJ9.,2023-08-11 17:54:26 UTC
0.2235624,0.2170756,0.006486833,12,22,eyJhbGciOiJub25lIn0.eyJpYXQiOjE2OTE3NzYyMTAsImp0aSI6ImFjNDJjYTU4LTZkYWQtNDE1Yy04ZmQxLTJiNjYxNjhhYmY0MyJ9.,2023-08-11 17:54:31 UTC
0.2918319,0.2838307,0.008001222,16,27,eyJhbGciOiJub25lIn0.eyJpYXQiOjE2OTE3NzYyMTAsImp0aSI6ImFjNDJjYTU4LTZkYWQtNDE1Yy04ZmQxLTJiNjYxNjhhYmY0MyJ9.,2023-08-11 17:54:36 UTC
0.4283734,0.4188417,0.009531706,22,32,eyJhbGciOiJub25lIn0.eyJpYXQiOjE2OTE3NzYyMTAsImp0aSI6ImFjNDJjYTU4LTZkYWQtNDE1Yy04ZmQxLTJiNjYxNjhhYmY0MyJ9.,2023-08-11 17:54:41 UTC
0.4677308,0.4566501,0.01108067,22,37,eyJhbGciOiJub25lIn0.eyJpYXQiOjE2OTE3NzYyMTAsImp0aSI6ImFjNDJjYTU4LTZkYWQtNDE1Yy04ZmQxLTJiNjYxNjhhYmY0MyJ9.,2023-08-11 17:54:46 UTC
0.4546234,0.4416731,0.01295026,22,43,eyJhbGciOiJub25lIn0.eyJpYXQiOjE2OTE3NzYyMTAsImp0aSI6ImFjNDJjYTU4LTZkYWQtNDE1Yy04ZmQxLTJiNjYxNjhhYmY0MyJ9.,2023-08-11 17:54:51 UTC
0.04604131,0.04604131,0.0,3,0,eyJhbGciOiJub25lIn0.eyJpYXQiOjE2OTE4MzE5MzEsImp0aSI6ImZhYzQ1N2JkLWRjNzgtNDI1MS1iZjU4LTc1OTdmYWJmMzEyYyJ9.,2023-08-12 09:22:00 UTC
0.06069248,0.06069248,0.0,3,0,eyJhbGciOiJub25lIn0.eyJpYXQiOjE2OTE4MzE5MzEsImp0aSI6ImZhYzQ1N2JkLWRjNzgtNDI1MS1iZjU4LTc1OTdmYWJmMzEyYyJ9.,2023-08-12 09:22:05 UTC
0.07027891,0.07027891,0.0,3,0,eyJhbGciOiJub25lIn0.eyJpYXQiOjE2OTE4MzE5MzEsImp0aSI6ImZhYzQ1N2JkLWRjNzgtNDI1MS1iZjU4LTc1OTdmYWJmMzEyYyJ9.,2023-08-12 09:22:10 UTC
0.06004203,0.05907634,0.000965691,3,3,eyJhbGciOiJub25lIn0.eyJpYXQiOjE2OTE4MzE5MzEsImp0aSI6ImZhYzQ1N2JkLWRjNzgtNDI1MS1iZjU4LTc1OTdmYWJmMzEyYyJ9.,2023-08-12 09:22:15 UTC
0.04817424,0.04720855,0.000965691,3,3,eyJhbGciOiJub25lIn0.eyJpYXQiOjE2OTE4MzE5MzEsImp0aSI6ImZhYzQ1N2JkLWRjNzgtNDI1MS1iZjU4LTc1OTdmYWJmMzEyYyJ9.,2023-08-12 09:22:30 UTC
0.06626502,0.06529933,0.000965691,3,3,eyJhbGciOiJub25lIn0.eyJpYXQiOjE2OTE4MzE5MzEsImp0aSI6ImZhYzQ1N2JkLWRjNzgtNDI1MS1iZjU4LTc1OTdmYWJmMzEyYyJ9.,2023-08-12 09:22:35 UTC
0.07281149,0.07152784,0.001283653,3,4,eyJhbGciOiJub25lIn0.eyJpYXQiOjE2OTE4MzE5MzEsImp0aSI6ImZhYzQ1N2JkLWRjNzgtNDI1MS1iZjU4LTc1OTdmYWJmMzEyYyJ9.,2023-08-12 09:22:40 UTC
0.05794268,0.05586128,0.002081403,3,7,eyJhbGciOiJub25lIn0.eyJpYXQiOjE2OTE4MzE5MzEsImp0aSI6ImZhYzQ1N2JkLWRjNzgtNDI1MS1iZjU4LTc1OTdmYWJmMzEyYyJ9.,2023-08-12 09:22:45 UTC
0.04769042,0.04560902,0.002081403,3,7,eyJhbGciOiJub25lIn0.eyJpYXQiOjE2OTE4MzE5MzEsImp0aSI6ImZhYzQ1N2JkLWRjNzgtNDI1MS1iZjU4LTc1OTdmYWJmMzEyYyJ9.,2023-08-12 09:22:50 UTC
0.06404035,0.06164736,0.002392985,3,8,eyJhbGciOiJub25lIn0.eyJpYXQiOjE2OTE4MzE5MzEsImp0aSI6ImZhYzQ1N2JkLWRjNzgtNDI1MS1iZjU4LTc1OTdmYWJmMzEyYyJ9.,2023-08-12 09:22:59 UTC
0.0600697,0.05711107,0.002958634,3,10,eyJhbGciOiJub25lIn0.eyJpYXQiOjE2OTE4MzE5MzEsImp0aSI6ImZhYzQ1N2JkLWRjNzgtNDI1MS1iZjU4LTc1OTdmYWJmMzEyYyJ9.,2023-08-12 09:23:04 UTC
0.04993491,0.04697628,0.002958634,3,10,eyJhbGciOiJub25lIn0.eyJpYXQiOjE2OTE4MzE5MzEsImp0aSI6ImZhYzQ1N2JkLWRjNzgtNDI1MS1iZjU4LTc1OTdmYWJmMzEyYyJ9.,2023-08-12 09:23:09 UTC
0.06003496,0.05707632,0.002958634,3,10,eyJhbGciOiJub25lIn0.eyJpYXQiOjE2OTE4MzE5MzEsImp0aSI6ImZhYzQ1N2JkLWRjNzgtNDI1MS1iZjU4LTc1OTdmYWJmMzEyYyJ9.,2023-08-12 09:23:14 UTC
0.06241944,0.05887602,0.003543427,3,12,eyJhbGciOiJub25lIn0.eyJpYXQiOjE2OTE4MzE5MzEsImp0aSI6ImZhYzQ1N2JkLWRjNzgtNDI1MS1iZjU4LTc1OTdmYWJmMzEyYyJ9.,2023-08-12 09:23:19 UTC
0.06594338,0.06239995,0.003543427,3,12,eyJhbGciOiJub25lIn0.eyJpYXQiOjE2OTE4MzE5MzEsImp0aSI6ImZhYzQ1N2JkLWRjNzgtNDI1MS1iZjU4LTc1OTdmYWJmMzEyYyJ9.,2023-08-12 09:23:24 UTC
0.06187551,0.05802011,0.003855397,3,13,eyJhbGciOiJub25lIn0.eyJpYXQiOjE2OTE4MzE5MzEsImp0aSI6ImZhYzQ1N2JkLWRjNzgtNDI1MS1iZjU4LTc1OTdmYWJmMzEyYyJ9.,2023-08-12 09:23:29 UTC
0.06655002,0.06269462,0.003855397,3,13,eyJhbGciOiJub25lIn0.eyJpYXQiOjE2OTE4MzE5MzEsImp0aSI6ImZhYzQ1N2JkLWRjNzgtNDI1MS1iZjU4LTc1OTdmYWJmMzEyYyJ9.,2023-08-12 09:23:34 UTC
0.07685759,0.07205613,0.004801457,3,16,eyJhbGciOiJub25lIn0.eyJpYXQiOjE2OTE4MzE5MzEsImp0aSI6ImZhYzQ1N2JkLWRjNzgtNDI1MS1iZjU4LTc1OTdmYWJmMzEyYyJ9.,2023-08-12 09:23:39 UTC
0.05925106,0.05444961,0.004801457,4,16,eyJhbGciOiJub25lIn0.eyJpYXQiOjE2OTE4MzE5MzEsImp0aSI6ImZhYzQ1N2JkLWRjNzgtNDI1MS1iZjU4LTc1OTdmYWJmMzEyYyJ9.,2023-08-12 09:23:44 UTC
0.09851763,0.09340987,0.00510776,5,17,eyJhbGciOiJub25lIn0.eyJpYXQiOjE2OTE4MzE5MzEsImp0aSI6ImZhYzQ1N2JkLWRjNzgtNDI1MS1iZjU4LTc1OTdmYWJmMzEyYyJ9.,2023-08-12 09:23:49 UTC
0.1240208,0.1182823,0.00573852,6,19,eyJhbGciOiJub25lIn0.eyJpYXQiOjE2OTE4MzE5MzEsImp0aSI6ImZhYzQ1N2JkLWRjNzgtNDI1MS1iZjU4LTc1OTdmYWJmMzEyYyJ9.,2023-08-12 09:23:54 UTC
0.1455522,0.1388948,0.006657363,7,22,eyJhbGciOiJub25lIn0.eyJpYXQiOjE2OTE4MzE5MzEsImp0aSI6ImZhYzQ1N2JkLWRjNzgtNDI1MS1iZjU4LTc1OTdmYWJmMzEyYyJ9.,2023-08-12 09:23:59 UTC
0.1587607,0.1514763,0.007284437,9,24,eyJhbGciOiJub25lIn0.eyJpYXQiOjE2OTE4MzE5MzEsImp0aSI6ImZhYzQ1N2JkLWRjNzgtNDI1MS1iZjU4LTc1OTdmYWJmMzEyYyJ9.,2023-08-12 09:24:04 UTC
0.2051688,0.1973154,0.007853414,11,26,eyJhbGciOiJub25lIn0.eyJpYXQiOjE2OTE4MzE5MzEsImp0aSI6ImZhYzQ1N2JkLWRjNzgtNDI1MS1iZjU4LTc1OTdmYWJmMzEyYyJ9.,2023-08-12 09:24:09 UTC
0.2648637,0.2552471,0.009616579,14,32,eyJhbGciOiJub25lIn0.eyJpYXQiOjE2OTE4MzE5MzEsImp0aSI6ImZhYzQ1N2JkLWRjNzgtNDI1MS1iZjU4LTc1OTdmYWJmMzEyYyJ9.,2023-08-12 09:24:14 UTC
0.242794,0.2325951,0.01019893,14,34,eyJhbGciOiJub25lIn0.eyJpYXQiOjE2OTE4MzE5MzEsImp0aSI6ImZhYzQ1N2JkLWRjNzgtNDI1MS1iZjU4LTc1OTdmYWJmMzEyYyJ9.,2023-08-12 09:24:19 UTC
0.325345,0.3148283,0.01051672,18,35,eyJhbGciOiJub25lIn0.eyJpYXQiOjE2OTE4MzE5MzEsImp0aSI6ImZhYzQ1N2JkLWRjNzgtNDI1MS1iZjU4LTc1OTdmYWJmMzEyYyJ9.,2023-08-12 09:24:24 UTC
0.3613705,0.3496481,0.01172242,18,39,eyJhbGciOiJub25lIn0.eyJpYXQiOjE2OTE4MzE5MzEsImp0aSI6ImZhYzQ1N2JkLWRjNzgtNDI1MS1iZjU4LTc1OTdmYWJmMzEyYyJ9.,2023-08-12 09:24:29 UTC
0.2906607,0.2786859,0.01197477,18,40,eyJhbGciOiJub25lIn0.eyJpYXQiOjE2OTE4MzE5MzEsImp0aSI6ImZhYzQ1N2JkLWRjNzgtNDI1MS1iZjU4LTc1OTdmYWJmMzEyYyJ9.,2023-08-12 09:24:34 UTC
0.4199748,0.4065418,0.01343297,24,45,eyJhbGciOiJub25lIn0.eyJpYXQiOjE2OTE4MzE5MzEsImp0aSI6ImZhYzQ1N2JkLWRjNzgtNDI1MS1iZjU4LTc1OTdmYWJmMzEyYyJ9.,2023-08-12 09:24:39 UTC
0.4473771,0.4321135,0.01526358,24,51,eyJhbGciOiJub25lIn0.eyJpYXQiOjE2OTE4MzE5MzEsImp0aSI6ImZhYzQ1N2JkLWRjNzgtNDI1MS1iZjU4LTc1OTdmYWJmMzEyYyJ9.,2023-08-12 09:24:44 UTC
0.4631133,0.4466324,0.01648097,24,55,eyJhbGciOiJub25lIn0.eyJpYXQiOjE2OTE4MzE5MzEsImp0aSI6ImZhYzQ1N2JkLWRjNzgtNDI1MS1iZjU4LTc1OTdmYWJmMzEyYyJ9.,2023-08-12 09:24:49 UTC
0.05085048,0.05085048,0.0,3,0,eyJhbGciOiJub25lIn0.eyJpYXQiOjE2OTE4MzI0NTgsImp0aSI6ImM0NzFiZDZiLTMyYmUtNDk5Zi1iNjU5LTA1MTgwODk5OTZiMyJ9.,2023-08-12 09:29:52 UTC
0.06703027,0.06671941,0.0003108607,3,1,eyJhbGciOiJub25lIn0.eyJpYXQiOjE2OTE4MzI0NTgsImp0aSI6ImM0NzFiZDZiLTMyYmUtNDk5Zi1iNjU5LTA1MTgwODk5OTZiMyJ9.,2023-08-12 09:29:57 UTC
0.0681297,0.06749971,0.000629987,3,2,eyJhbGciOiJub25lIn0.eyJpYXQiOjE2OTE4MzI0NTgsImp0aSI6ImM0NzFiZDZiLTMyYmUtNDk5Zi1iNjU5LTA1MTgwODk5OTZiMyJ9.,2023-08-12 09:30:02 UTC
0.05730455,0.05667456,0.000629987,3,2,eyJhbGciOiJub25lIn0.eyJpYXQiOjE2OTE4MzI0NTgsImp0aSI6ImM0NzFiZDZiLTMyYmUtNDk5Zi1iNjU5LTA1MTgwODk5OTZiMyJ9.,2023-08-12 09:30:07 UTC
0.05893616,0.05798589,0.0009502642,3,3,eyJhbGciOiJub25lIn0.eyJpYXQiOjE2OTE4MzI0NTgsImp0aSI6ImM0NzFiZDZiLTMyYmUtNDk5Zi1iNjU5LTA1MTgwODk5OTZiMyJ9.,2023-08-12 09:30:12 UTC
0.05929684,0.0577413,0.001555547,3,5,eyJhbGciOiJub25lIn0.eyJpYXQiOjE2OTE4MzI0NTgsImp0aSI6ImM0NzFiZDZiLTMyYmUtNDk5Zi1iNjU5LTA1MTgwODk5OTZiMyJ9.,2023-08-12 09:30:17 UTC
0.04493051,0.04306188,0.001868633,3,6,eyJhbGciOiJub25lIn0.eyJpYXQiOjE2OTE4MzI0NTgsImp0aSI6ImM0NzFiZDZiLTMyYmUtNDk5Zi1iNjU5LTA1MTgwODk5OTZiMyJ9.,2023-08-12 09:30:22 UTC
0.05318326,0.05131463,0.001868633,3,6,eyJhbGciOiJub25lIn0.eyJpYXQiOjE2OTE4MzI0NTgsImp0aSI6ImM0NzFiZDZiLTMyYmUtNDk5Zi1iNjU5LTA1MTgwODk5OTZiMyJ9.,2023-08-12 09:30:27 UTC
0.0626428,0.06046211,0.002180687,3,7,eyJhbGciOiJub25lIn0.eyJpYXQiOjE2OTE4MzI0NTgsImp0aSI6ImM0NzFiZDZiLTMyYmUtNDk5Zi1iNjU5LTA1MTgwODk5OTZiMyJ9.,2023-08-12 09:30:32 UTC
0.06774806,0.06524361,0.002504456,3,8,eyJhbGciOiJub25lIn0.eyJpYXQiOjE2OTE4MzI0NTgsImp0aSI6ImM0NzFiZDZiLTMyYmUtNDk5Zi1iNjU5LTA1MTgwODk5OTZiMyJ9.,2023-08-12 09:30:37 UTC
0.05589302,0.05306452,0.002828498,3,9,eyJhbGciOiJub25lIn0.eyJpYXQiOjE2OTE4MzI0NTgsImp0aSI6ImM0NzFiZDZiLTMyYmUtNDk5Zi1iNjU5LTA1MTgwODk5OTZiMyJ9.,2023-08-12 09:30:42 UTC
0.05967683,0.0565876,0.003089226,3,10,eyJhbGciOiJub25lIn0.eyJpYXQiOjE2OTE4MzI0NTgsImp0aSI6ImM0NzFiZDZiLTMyYmUtNDk5Zi1iNjU5LTA1MTgwODk5OTZiMyJ9.,2023-08-12 09:30:47 UTC
0.07126492,0.06817569,0.003089226,3,10,eyJhbGciOiJub25lIn0.eyJpYXQiOjE2OTE4MzI0NTgsImp0aSI6ImM0NzFiZDZiLTMyYmUtNDk5Zi1iNjU5LTA1MTgwODk5OTZiMyJ9.,2023-08-12 09:30:52 UTC
0.06281911,0.05879903,0.004020075,3,13,eyJhbGciOiJub25lIn0.eyJpYXQiOjE2OTE4MzI0NTgsImp0aSI6ImM0NzFiZDZiLTMyYmUtNDk5Zi1iNjU5LTA1MTgwODk5OTZiMyJ9.,2023-08-12 09:30:57 UTC
0.06890149,0.06488142,0.004020075,4,13,eyJhbGciOiJub25lIn0.eyJpYXQiOjE2OTE4MzI0NTgsImp0aSI6ImM0NzFiZDZiLTMyYmUtNDk5Zi1iNjU5LTA1MTgwODk5OTZiMyJ9.,2023-08-12 09:31:02 UTC
0.1009311,0.09567466,0.005256453,5,17,eyJhbGciOiJub25lIn0.eyJpYXQiOjE2OTE4MzI0NTgsImp0aSI6ImM0NzFiZDZiLTMyYmUtNDk5Zi1iNjU5LTA1MTgwODk5OTZiMyJ9.,2023-08-12 09:31:07 UTC
0.1054833,0.09974061,0.005742732,6,19,eyJhbGciOiJub25lIn0.eyJpYXQiOjE2OTE4MzI0NTgsImp0aSI6ImM0NzFiZDZiLTMyYmUtNDk5Zi1iNjU5LTA1MTgwODk5OTZiMyJ9.,2023-08-12 09:31:12 UTC
0.1286806,0.122088,0.006592545,7,22,eyJhbGciOiJub25lIn0.eyJpYXQiOjE2OTE4MzI0NTgsImp0aSI6ImM0NzFiZDZiLTMyYmUtNDk5Zi1iNjU5LTA1MTgwODk5OTZiMyJ9.,2023-08-12 09:31:17 UTC
0.1718884,0.1646894,0.007198967,9,24,eyJhbGciOiJub25lIn0.eyJpYXQiOjE2OTE4MzI0NTgsImp0aSI6ImM0NzFiZDZiLTMyYmUtNDk5Zi1iNjU5LTA1MTgwODk5OTZiMyJ9.,2023-08-12 09:31:22 UTC
0.202729,0.1945968,0.008132212,11,27,eyJhbGciOiJub25lIn0.eyJpYXQiOjE2OTE4MzI0NTgsImp0aSI6ImM0NzFiZDZiLTMyYmUtNDk5Zi1iNjU5LTA1MTgwODk5OTZiMyJ9.,2023-08-12 09:31:27 UTC
0.2749193,0.2659701,0.008949212,14,30,eyJhbGciOiJub25lIn0.eyJpYXQiOjE2OTE4MzI0NTgsImp0aSI6ImM0NzFiZDZiLTMyYmUtNDk5Zi1iNjU5LTA1MTgwODk5OTZiMyJ9.,2023-08-12 09:31:32 UTC
0.2694266,0.2604774,0.008949212,14,30,eyJhbGciOiJub25lIn0.eyJpYXQiOjE2OTE4MzI0NTgsImp0aSI6ImM0NzFiZDZiLTMyYmUtNDk5Zi1iNjU5LTA1MTgwODk5OTZiMyJ9.,2023-08-12 09:31:37 UTC
0.2916009,0.2817202,0.009880787,14,33,eyJhbGciOiJub25lIn0.eyJpYXQiOjE2OTE4MzI0NTgsImp0aSI6ImM0NzFiZDZiLTMyYmUtNDk5Zi1iNjU5LTA1MTgwODk5OTZiMyJ9.,2023-08-12 09:31:42 UTC
0.2645195,0.2528411,0.0116783,14,39,eyJhbGciOiJub25lIn0.eyJpYXQiOjE2OTE4MzI0NTgsImp0aSI6ImM0NzFiZDZiLTMyYmUtNDk5Zi1iNjU5LTA1MTgwODk5OTZiMyJ9.,2023-08-12 09:31:47 UTC
0.3380571,0.3254423,0.01261486,19,42,eyJhbGciOiJub25lIn0.eyJpYXQiOjE2OTE4MzI0NTgsImp0aSI6ImM0NzFiZDZiLTMyYmUtNDk5Zi1iNjU5LTA1MTgwODk5OTZiMyJ9.,2023-08-12 09:31:52 UTC
0.3299415,0.3162068,0.01373469,19,46,eyJhbGciOiJub25lIn0.eyJpYXQiOjE2OTE4MzI0NTgsImp0aSI6ImM0NzFiZDZiLTMyYmUtNDk5Zi1iNjU5LTA1MTgwODk5OTZiMyJ9.,2023-08-12 09:31:57 UTC
0.3339546,0.3189703,0.0149843,19,50,eyJhbGciOiJub25lIn0.eyJpYXQiOjE2OTE4MzI0NTgsImp0aSI6ImM0NzFiZDZiLTMyYmUtNDk5Zi1iNjU5LTA1MTgwODk5OTZiMyJ9.,2023-08-12 09:32:02 UTC
0.4560663,0.4407707,0.01529562,27,51,eyJhbGciOiJub25lIn0.eyJpYXQiOjE2OTE4MzI0NTgsImp0aSI6ImM0NzFiZDZiLTMyYmUtNDk5Zi1iNjU5LTA1MTgwODk5OTZiMyJ9.,2023-08-12 09:32:07 UTC
0.4490297,0.4337341,0.01529562,27,51,eyJhbGciOiJub25lIn0.eyJpYXQiOjE2OTE4MzI0NTgsImp0aSI6ImM0NzFiZDZiLTMyYmUtNDk5Zi1iNjU5LTA1MTgwODk5OTZiMyJ9.,2023-08-12 09:32:12 UTC
0.04906811,0.04906811,0.0,3,0,"",2023-08-12 11:46:15 UTC
0.05075165,0.05045427,0.0002973794,3,1,"",2023-08-12 11:46:16 UTC
0.05364936,0.05364936,0.0,3,0,eyJhbGciOiJub25lIn0.eyJpYXQiOjE2OTE4NDIzMTgsImp0aSI6IjU3NTEyODM0LWU4ZGUtNGNjNi1iN2Q1LTI4NTQxY2RkMjkwZSJ9.,2023-08-12 12:38:20 UTC
0.05835668,0.05835668,0.0,3,0,"",2023-08-12 12:39:56 UTC
0.05289672,0.05289672,0.0,3,0,"",2023-08-12 12:55:28 UTC
0.0553502,0.05506614,0.0002840562,3,1,eyJhbGciOiJub25lIn0.eyJpYXQiOjE2OTE4NTA2MjIsImp0aSI6IjM4NzQzZjMxLWZmNzYtNDJmNi05ZjM1LWJhZDgyY2EwNmI5ZSJ9.,2023-08-12 14:32:48 UTC
0.04754302,0.04754302,0.0,3,0,eyJhbGciOiJub25lIn0.eyJpYXQiOjE2OTIwOTI5NDUsImp0aSI6IjM4MmY4MDAwLTc1MmEtNDNmNS05MTNiLTMyZjdiYzc4NzM4NyJ9.,2023-08-15 09:50:41 UTC
0.06006883,0.05913087,0.0009379598,3,3,eyJhbGciOiJub25lIn0.eyJpYXQiOjE2OTIwOTI5NDUsImp0aSI6IjM4MmY4MDAwLTc1MmEtNDNmNS05MTNiLTMyZjdiYzc4NzM4NyJ9.,2023-08-15 09:50:47 UTC
0.05423561,0.05307241,0.001163202,3,4,eyJhbGciOiJub25lIn0.eyJpYXQiOjE2OTIwOTI5NDUsImp0aSI6IjM4MmY4MDAwLTc1MmEtNDNmNS05MTNiLTMyZjdiYzc4NzM4NyJ9.,2023-08-15 09:50:51 UTC
0.06602128,0.06456836,0.001452925,3,5,eyJhbGciOiJub25lIn0.eyJpYXQiOjE2OTIwOTI5NDUsImp0aSI6IjM4MmY4MDAwLTc1MmEtNDNmNS05MTNiLTMyZjdiYzc4NzM4NyJ9.,2023-08-15 09:50:56 UTC
0.05791748,0.0561423,0.001775176,3,6,eyJhbGciOiJub25lIn0.eyJpYXQiOjE2OTIwOTI5NDUsImp0aSI6IjM4MmY4MDAwLTc1MmEtNDNmNS05MTNiLTMyZjdiYzc4NzM4NyJ9.,2023-08-15 09:51:01 UTC
0.04629708,0.04629708,0.0,3,0,eyJhbGciOiJub25lIn0.eyJpYXQiOjE2OTIwOTQ3MTQsImp0aSI6ImU5ZWEyOGVkLTgyNzAtNDM4Yy1iNDA2LTFiZGI4YzY5MTM0MSJ9.,2023-08-15 10:21:32 UTC
0.05164967,0.0513436,0.0003060686,3,1,eyJhbGciOiJub25lIn0.eyJpYXQiOjE2OTIwOTQ3MTQsImp0aSI6ImU5ZWEyOGVkLTgyNzAtNDM4Yy1iNDA2LTFiZGI4YzY5MTM0MSJ9.,2023-08-15 10:21:37 UTC
0.05921534,0.05858447,0.0006308705,3,2,eyJhbGciOiJub25lIn0.eyJpYXQiOjE2OTIwOTQ3MTQsImp0aSI6ImU5ZWEyOGVkLTgyNzAtNDM4Yy1iNDA2LTFiZGI4YzY5MTM0MSJ9.,2023-08-15 10:21:42 UTC
0.05627145,0.05506397,0.001207484,3,4,eyJhbGciOiJub25lIn0.eyJpYXQiOjE2OTIwOTQ3MTQsImp0aSI6ImU5ZWEyOGVkLTgyNzAtNDM4Yy1iNDA2LTFiZGI4YzY5MTM0MSJ9.,2023-08-15 10:21:47 UTC
0.0436011,0.04208804,0.001513055,3,5,eyJhbGciOiJub25lIn0.eyJpYXQiOjE2OTIwOTQ3MTQsImp0aSI6ImU5ZWEyOGVkLTgyNzAtNDM4Yy1iNDA2LTFiZGI4YzY5MTM0MSJ9.,2023-08-15 10:21:52 UTC
0.05548059,0.05373849,0.001742098,3,6,eyJhbGciOiJub25lIn0.eyJpYXQiOjE2OTIwOTQ3MTQsImp0aSI6ImU5ZWEyOGVkLTgyNzAtNDM4Yy1iNDA2LTFiZGI4YzY5MTM0MSJ9.,2023-08-15 10:21:57 UTC
0.06341185,0.06166975,0.001742098,4,6,eyJhbGciOiJub25lIn0.eyJpYXQiOjE2OTIwOTQ3MTQsImp0aSI6ImU5ZWEyOGVkLTgyNzAtNDM4Yy1iNDA2LTFiZGI4YzY5MTM0MSJ9.,2023-08-15 10:22:02 UTC
0.08368139,0.08163425,0.002047142,5,7,eyJhbGciOiJub25lIn0.eyJpYXQiOjE2OTIwOTQ3MTQsImp0aSI6ImU5ZWEyOGVkLTgyNzAtNDM4Yy1iNDA2LTFiZGI4YzY5MTM0MSJ9.,2023-08-15 10:22:07 UTC
0.1090252,0.1067353,0.002289832,6,8,eyJhbGciOiJub25lIn0.eyJpYXQiOjE2OTIwOTQ3MTQsImp0aSI6ImU5ZWEyOGVkLTgyNzAtNDM4Yy1iNDA2LTFiZGI4YzY5MTM0MSJ9.,2023-08-15 10:22:12 UTC
0.1467521,0.1438431,0.002909044,7,10,eyJhbGciOiJub25lIn0.eyJpYXQiOjE2OTIwOTQ3MTQsImp0aSI6ImU5ZWEyOGVkLTgyNzAtNDM4Yy1iNDA2LTFiZGI4YzY5MTM0MSJ9.,2023-08-15 10:22:17 UTC
0.1744127,0.1696346,0.004778165,9,16,eyJhbGciOiJub25lIn0.eyJpYXQiOjE2OTIwOTQ3MTQsImp0aSI6ImU5ZWEyOGVkLTgyNzAtNDM4Yy1iNDA2LTFiZGI4YzY5MTM0MSJ9.,2023-08-15 10:22:22 UTC
0.2086692,0.2033112,0.005357999,11,18,eyJhbGciOiJub25lIn0.eyJpYXQiOjE2OTIwOTQ3MTQsImp0aSI6ImU5ZWEyOGVkLTgyNzAtNDM4Yy1iNDA2LTFiZGI4YzY5MTM0MSJ9.,2023-08-15 10:22:27 UTC
0.252074,0.2461398,0.005934194,14,20,eyJhbGciOiJub25lIn0.eyJpYXQiOjE2OTIwOTQ3MTQsImp0aSI6ImU5ZWEyOGVkLTgyNzAtNDM4Yy1iNDA2LTFiZGI4YzY5MTM0MSJ9.,2023-08-15 10:22:32 UTC
0.2302668,0.2239484,0.006318394,14,22,eyJhbGciOiJub25lIn0.eyJpYXQiOjE2OTIwOTQ3MTQsImp0aSI6ImU5ZWEyOGVkLTgyNzAtNDM4Yy1iNDA2LTFiZGI4YzY5MTM0MSJ9.,2023-08-15 10:22:37 UTC
0.306872,0.2997942,0.007077807,18,25,eyJhbGciOiJub25lIn0.eyJpYXQiOjE2OTIwOTQ3MTQsImp0aSI6ImU5ZWEyOGVkLTgyNzAtNDM4Yy1iNDA2LTFiZGI4YzY5MTM0MSJ9.,2023-08-15 10:22:42 UTC
0.3102119,0.302178,0.008033884,18,28,eyJhbGciOiJub25lIn0.eyJpYXQiOjE2OTIwOTQ3MTQsImp0aSI6ImU5ZWEyOGVkLTgyNzAtNDM4Yy1iNDA2LTFiZGI4YzY5MTM0MSJ9.,2023-08-15 10:22:47 UTC
0.3098316,0.3011647,0.008667002,18,30,eyJhbGciOiJub25lIn0.eyJpYXQiOjE2OTIwOTQ3MTQsImp0aSI6ImU5ZWEyOGVkLTgyNzAtNDM4Yy1iNDA2LTFiZGI4YzY5MTM0MSJ9.,2023-08-15 10:22:52 UTC
0.2966837,0.2871454,0.009538267,18,33,eyJhbGciOiJub25lIn0.eyJpYXQiOjE2OTIwOTQ3MTQsImp0aSI6ImU5ZWEyOGVkLTgyNzAtNDM4Yy1iNDA2LTFiZGI4YzY5MTM0MSJ9.,2023-08-15 10:22:57 UTC
0.4342743,0.4247361,0.009538267,25,33,eyJhbGciOiJub25lIn0.eyJpYXQiOjE2OTIwOTQ3MTQsImp0aSI6ImU5ZWEyOGVkLTgyNzAtNDM4Yy1iNDA2LTFiZGI4YzY5MTM0MSJ9.,2023-08-15 10:23:02 UTC
0.05188798,0.05188798,0.0,3,0,eyJhbGciOiJub25lIn0.eyJpYXQiOjE2OTIwOTg4NzgsImp0aSI6ImY5Y2VkZjAzLWM1ZWMtNDg0NC1iZGJjLWNkOGU2MjY1ZGJhZCJ9.,2023-08-15 11:30:36 UTC
0.0486346,0.04833458,0.0003000207,3,1,eyJhbGciOiJub25lIn0.eyJpYXQiOjE2OTIwOTg4NzgsImp0aSI6ImY5Y2VkZjAzLWM1ZWMtNDg0NC1iZGJjLWNkOGU2MjY1ZGJhZCJ9.,2023-08-15 11:30:41 UTC
0.05382087,0.05326632,0.0005545557,3,2,eyJhbGciOiJub25lIn0.eyJpYXQiOjE2OTIwOTg4NzgsImp0aSI6ImY5Y2VkZjAzLWM1ZWMtNDg0NC1iZGJjLWNkOGU2MjY1ZGJhZCJ9.,2023-08-15 11:30:46 UTC
0.05833712,0.05717476,0.00116236,3,4,eyJhbGciOiJub25lIn0.eyJpYXQiOjE2OTIwOTg4NzgsImp0aSI6ImY5Y2VkZjAzLWM1ZWMtNDg0NC1iZGJjLWNkOGU2MjY1ZGJhZCJ9.,2023-08-15 11:30:51 UTC
0.05343566,0.05168474,0.001750915,3,6,eyJhbGciOiJub25lIn0.eyJpYXQiOjE2OTIwOTg4NzgsImp0aSI6ImY5Y2VkZjAzLWM1ZWMtNDg0NC1iZGJjLWNkOGU2MjY1ZGJhZCJ9.,2023-08-15 11:30:56 UTC
0.08151349,0.07916991,0.002343582,4,8,eyJhbGciOiJub25lIn0.eyJpYXQiOjE2OTIwOTg4NzgsImp0aSI6ImY5Y2VkZjAzLWM1ZWMtNDg0NC1iZGJjLWNkOGU2MjY1ZGJhZCJ9.,2023-08-15 11:31:01 UTC
0.0931593,0.09056959,0.002589704,5,9,eyJhbGciOiJub25lIn0.eyJpYXQiOjE2OTIwOTg4NzgsImp0aSI6ImY5Y2VkZjAzLWM1ZWMtNDg0NC1iZGJjLWNkOGU2MjY1ZGJhZCJ9.,2023-08-15 11:31:06 UTC
0.115409,0.1118818,0.003527134,6,12,eyJhbGciOiJub25lIn0.eyJpYXQiOjE2OTIwOTg4NzgsImp0aSI6ImY5Y2VkZjAzLWM1ZWMtNDg0NC1iZGJjLWNkOGU2MjY1ZGJhZCJ9.,2023-08-15 11:31:11 UTC
0.1385852,0.1345065,0.004078668,7,14,eyJhbGciOiJub25lIn0.eyJpYXQiOjE2OTIwOTg4NzgsImp0aSI6ImY5Y2VkZjAzLWM1ZWMtNDg0NC1iZGJjLWNkOGU2MjY1ZGJhZCJ9.,2023-08-15 11:31:16 UTC
0.1729293,0.1685355,0.004393821,9,15,eyJhbGciOiJub25lIn0.eyJpYXQiOjE2OTIwOTg4NzgsImp0aSI6ImY5Y2VkZjAzLWM1ZWMtNDg0NC1iZGJjLWNkOGU2MjY1ZGJhZCJ9.,2023-08-15 11:31:21 UTC
0.2152598,0.2096435,0.005616298,11,19,eyJhbGciOiJub25lIn0.eyJpYXQiOjE2OTIwOTg4NzgsImp0aSI6ImY5Y2VkZjAzLWM1ZWMtNDg0NC1iZGJjLWNkOGU2MjY1ZGJhZCJ9.,2023-08-15 11:31:26 UTC
0.25037,0.2441519,0.006218152,14,21,eyJhbGciOiJub25lIn0.eyJpYXQiOjE2OTIwOTg4NzgsImp0aSI6ImY5Y2VkZjAzLWM1ZWMtNDg0NC1iZGJjLWNkOGU2MjY1ZGJhZCJ9.,2023-08-15 11:31:31 UTC
0.05791043,0.05761654,0.0002938886,3,1,eyJhbGciOiJub25lIn0.eyJpYXQiOjE2OTIwOTkxNTQsImp0aSI6ImU3NTU4ZDk0LTYzODItNDMzYy1iMzcxLTEwYTkwMjhhMThlOSJ9.,2023-08-15 11:34:57 UTC
0.0530701,0.05215422,0.0009158791,3,3,eyJhbGciOiJub25lIn0.eyJpYXQiOjE2OTIwOTkxNTQsImp0aSI6ImU3NTU4ZDk0LTYzODItNDMzYy1iMzcxLTEwYTkwMjhhMThlOSJ9.,2023-08-15 11:35:02 UTC
0.06191272,0.06069706,0.001215666,3,4,eyJhbGciOiJub25lIn0.eyJpYXQiOjE2OTIwOTkxNTQsImp0aSI6ImU3NTU4ZDk0LTYzODItNDMzYy1iMzcxLTEwYTkwMjhhMThlOSJ9.,2023-08-15 11:35:07 UTC
0.05364465,0.05184134,0.001803309,3,6,eyJhbGciOiJub25lIn0.eyJpYXQiOjE2OTIwOTkxNTQsImp0aSI6ImU3NTU4ZDk0LTYzODItNDMzYy1iMzcxLTEwYTkwMjhhMThlOSJ9.,2023-08-15 11:35:12 UTC
0.05586127,0.05405796,0.001803309,3,6,eyJhbGciOiJub25lIn0.eyJpYXQiOjE2OTIwOTkxNTQsImp0aSI6ImU3NTU4ZDk0LTYzODItNDMzYy1iMzcxLTEwYTkwMjhhMThlOSJ9.,2023-08-15 11:35:17 UTC
0.07129183,0.06861557,0.002676258,3,9,eyJhbGciOiJub25lIn0.eyJpYXQiOjE2OTIwOTkxNTQsImp0aSI6ImU3NTU4ZDk0LTYzODItNDMzYy1iMzcxLTEwYTkwMjhhMThlOSJ9.,2023-08-15 11:35:22 UTC
0.05679459,0.05358282,0.003211772,4,11,eyJhbGciOiJub25lIn0.eyJpYXQiOjE2OTIwOTkxNTQsImp0aSI6ImU3NTU4ZDk0LTYzODItNDMzYy1iMzcxLTEwYTkwMjhhMThlOSJ9.,2023-08-15 11:35:27 UTC
0.100258,0.09653532,0.003722719,5,13,eyJhbGciOiJub25lIn0.eyJpYXQiOjE2OTIwOTkxNTQsImp0aSI6ImU3NTU4ZDk0LTYzODItNDMzYy1iMzcxLTEwYTkwMjhhMThlOSJ9.,2023-08-15 11:35:32 UTC
0.1056684,0.1016821,0.003986281,6,14,eyJhbGciOiJub25lIn0.eyJpYXQiOjE2OTIwOTkxNTQsImp0aSI6ImU3NTU4ZDk0LTYzODItNDMzYy1iMzcxLTEwYTkwMjhhMThlOSJ9.,2023-08-15 11:35:37 UTC
0.1531453,0.14886,0.004285322,7,15,eyJhbGciOiJub25lIn0.eyJpYXQiOjE2OTIwOTkxNTQsImp0aSI6ImU3NTU4ZDk0LTYzODItNDMzYy1iMzcxLTEwYTkwMjhhMThlOSJ9.,2023-08-15 11:35:42 UTC
0.1634992,0.1577249,0.005774347,9,20,eyJhbGciOiJub25lIn0.eyJpYXQiOjE2OTIwOTkxNTQsImp0aSI6ImU3NTU4ZDk0LTYzODItNDMzYy1iMzcxLTEwYTkwMjhhMThlOSJ9.,2023-08-15 11:35:47 UTC
0.215176,0.2085245,0.006651475,12,23,eyJhbGciOiJub25lIn0.eyJpYXQiOjE2OTIwOTkxNTQsImp0aSI6ImU3NTU4ZDk0LTYzODItNDMzYy1iMzcxLTEwYTkwMjhhMThlOSJ9.,2023-08-15 11:35:52 UTC
0.2722749,0.2650784,0.007196459,16,25,eyJhbGciOiJub25lIn0.eyJpYXQiOjE2OTIwOTkxNTQsImp0aSI6ImU3NTU4ZDk0LTYzODItNDMzYy1iMzcxLTEwYTkwMjhhMThlOSJ9.,2023-08-15 11:35:57 UTC
0.4084149,0.3999609,0.008453963,21,29,eyJhbGciOiJub25lIn0.eyJpYXQiOjE2OTIwOTkxNTQsImp0aSI6ImU3NTU4ZDk0LTYzODItNDMzYy1iMzcxLTEwYTkwMjhhMThlOSJ9.,2023-08-15 11:36:02 UTC
0.3933583,0.3827129,0.01064532,21,36,eyJhbGciOiJub25lIn0.eyJpYXQiOjE2OTIwOTkxNTQsImp0aSI6ImU3NTU4ZDk0LTYzODItNDMzYy1iMzcxLTEwYTkwMjhhMThlOSJ9.,2023-08-15 11:36:07 UTC
0.395106,0.3829066,0.01219939,21,41,eyJhbGciOiJub25lIn0.eyJpYXQiOjE2OTIwOTkxNTQsImp0aSI6ImU3NTU4ZDk0LTYzODItNDMzYy1iMzcxLTEwYTkwMjhhMThlOSJ9.,2023-08-15 11:36:12 UTC
0.4108895,0.3965101,0.01437942,21,48,eyJhbGciOiJub25lIn0.eyJpYXQiOjE2OTIwOTkxNTQsImp0aSI6ImU3NTU4ZDk0LTYzODItNDMzYy1iMzcxLTEwYTkwMjhhMThlOSJ9.,2023-08-15 11:36:17 UTC
0.4284281,0.4115978,0.01683027,21,56,eyJhbGciOiJub25lIn0.eyJpYXQiOjE2OTIwOTkxNTQsImp0aSI6ImU3NTU4ZDk0LTYzODItNDMzYy1iMzcxLTEwYTkwMjhhMThlOSJ9.,2023-08-15 11:36:22 UTC
0.04872954,0.04872954,0.0,3,0,eyJhbGciOiJub25lIn0.eyJpYXQiOjE2OTIxMDE1NTgsImp0aSI6IjE2NzhmZDNlLWNmZTgtNGY4OS1hZGUxLTg1N2I4ZDcxZjRlNiJ9.,2023-08-15 12:14:40 UTC
0.05851126,0.05819159,0.0003196729,3,1,eyJhbGciOiJub25lIn0.eyJpYXQiOjE2OTIxMDE1NTgsImp0aSI6IjE2NzhmZDNlLWNmZTgtNGY4OS1hZGUxLTg1N2I4ZDcxZjRlNiJ9.,2023-08-15 12:14:45 UTC
0.04337756,0.0427494,0.0006281665,3,2,eyJhbGciOiJub25lIn0.eyJpYXQiOjE2OTIxMDE1NTgsImp0aSI6IjE2NzhmZDNlLWNmZTgtNGY4OS1hZGUxLTg1N2I4ZDcxZjRlNiJ9.,2023-08-15 12:14:50 UTC
0.05791802,0.05697191,0.0009461031,3,3,eyJhbGciOiJub25lIn0.eyJpYXQiOjE2OTIxMDE1NTgsImp0aSI6IjE2NzhmZDNlLWNmZTgtNGY4OS1hZGUxLTg1N2I4ZDcxZjRlNiJ9.,2023-08-15 12:14:55 UTC
0.06297453,0.06171445,0.00126008,3,4,eyJhbGciOiJub25lIn0.eyJpYXQiOjE2OTIxMDE1NTgsImp0aSI6IjE2NzhmZDNlLWNmZTgtNGY4OS1hZGUxLTg1N2I4ZDcxZjRlNiJ9.,2023-08-15 12:15:00 UTC
0.05524703,0.05336316,0.001883873,3,6,eyJhbGciOiJub25lIn0.eyJpYXQiOjE2OTIxMDE1NTgsImp0aSI6IjE2NzhmZDNlLWNmZTgtNGY4OS1hZGUxLTg1N2I4ZDcxZjRlNiJ9.,2023-08-15 12:15:05 UTC
0.06925777,0.06677977,0.002478003,3,8,eyJhbGciOiJub25lIn0.eyJpYXQiOjE2OTIxMDE1NTgsImp0aSI6IjE2NzhmZDNlLWNmZTgtNGY4OS1hZGUxLTg1N2I4ZDcxZjRlNiJ9.,2023-08-15 12:15:10 UTC
0.07349218,0.07013535,0.00335683,4,11,eyJhbGciOiJub25lIn0.eyJpYXQiOjE2OTIxMDE1NTgsImp0aSI6IjE2NzhmZDNlLWNmZTgtNGY4OS1hZGUxLTg1N2I4ZDcxZjRlNiJ9.,2023-08-15 12:15:15 UTC
0.08939059,0.08573455,0.003656043,5,12,eyJhbGciOiJub25lIn0.eyJpYXQiOjE2OTIxMDE1NTgsImp0aSI6IjE2NzhmZDNlLWNmZTgtNGY4OS1hZGUxLTg1N2I4ZDcxZjRlNiJ9.,2023-08-15 12:15:20 UTC
0.09831277,0.09433784,0.003974929,6,13,eyJhbGciOiJub25lIn0.eyJpYXQiOjE2OTIxMDE1NTgsImp0aSI6IjE2NzhmZDNlLWNmZTgtNGY4OS1hZGUxLTg1N2I4ZDcxZjRlNiJ9.,2023-08-15 12:15:25 UTC
0.1516446,0.1467516,0.004893009,7,16,eyJhbGciOiJub25lIn0.eyJpYXQiOjE2OTIxMDE1NTgsImp0aSI6IjE2NzhmZDNlLWNmZTgtNGY4OS1hZGUxLTg1N2I4ZDcxZjRlNiJ9.,2023-08-15 12:15:30 UTC
0.1595773,0.1540615,0.005515751,9,18,eyJhbGciOiJub25lIn0.eyJpYXQiOjE2OTIxMDE1NTgsImp0aSI6IjE2NzhmZDNlLWNmZTgtNGY4OS1hZGUxLTg1N2I4ZDcxZjRlNiJ9.,2023-08-15 12:15:35 UTC
0.2050499,0.1992137,0.005836125,11,19,eyJhbGciOiJub25lIn0.eyJpYXQiOjE2OTIxMDE1NTgsImp0aSI6IjE2NzhmZDNlLWNmZTgtNGY4OS1hZGUxLTg1N2I4ZDcxZjRlNiJ9.,2023-08-15 12:15:40 UTC
0.2330641,0.227228,0.005836125,14,19,eyJhbGciOiJub25lIn0.eyJpYXQiOjE2OTIxMDE1NTgsImp0aSI6IjE2NzhmZDNlLWNmZTgtNGY4OS1hZGUxLTg1N2I4ZDcxZjRlNiJ9.,2023-08-15 12:15:45 UTC
0.3070594,0.2995193,0.007540145,18,25,eyJhbGciOiJub25lIn0.eyJpYXQiOjE2OTIxMDE1NTgsImp0aSI6IjE2NzhmZDNlLWNmZTgtNGY4OS1hZGUxLTg1N2I4ZDcxZjRlNiJ9.,2023-08-15 12:15:50 UTC
0.271134,0.2627245,0.008409525,18,28,eyJhbGciOiJub25lIn0.eyJpYXQiOjE2OTIxMDE1NTgsImp0aSI6IjE2NzhmZDNlLWNmZTgtNGY4OS1hZGUxLTg1N2I4ZDcxZjRlNiJ9.,2023-08-15 12:15:55 UTC
0.3880244,0.3793065,0.008717953,24,29,eyJhbGciOiJub25lIn0.eyJpYXQiOjE2OTIxMDE1NTgsImp0aSI6IjE2NzhmZDNlLWNmZTgtNGY4OS1hZGUxLTg1N2I4ZDcxZjRlNiJ9.,2023-08-15 12:16:00 UTC
0.4161843,0.4065217,0.009662537,24,32,eyJhbGciOiJub25lIn0.eyJpYXQiOjE2OTIxMDE1NTgsImp0aSI6IjE2NzhmZDNlLWNmZTgtNGY4OS1hZGUxLTg1N2I4ZDcxZjRlNiJ9.,2023-08-15 12:16:05 UTC
0.4241455,0.4129264,0.01121911,24,37,eyJhbGciOiJub25lIn0.eyJpYXQiOjE2OTIxMDE1NTgsImp0aSI6IjE2NzhmZDNlLWNmZTgtNGY4OS1hZGUxLTg1N2I4ZDcxZjRlNiJ9.,2023-08-15 12:16:10 UTC
0.4384836,0.4256697,0.01281391,24,42,eyJhbGciOiJub25lIn0.eyJpYXQiOjE2OTIxMDE1NTgsImp0aSI6IjE2NzhmZDNlLWNmZTgtNGY4OS1hZGUxLTg1N2I4ZDcxZjRlNiJ9.,2023-08-15 12:16:15 UTC
0.4350715,0.4210118,0.01405967,24,46,eyJhbGciOiJub25lIn0.eyJpYXQiOjE2OTIxMDE1NTgsImp0aSI6IjE2NzhmZDNlLWNmZTgtNGY4OS1hZGUxLTg1N2I4ZDcxZjRlNiJ9.,2023-08-15 12:16:20 UTC
0.4660535,0.4500798,0.01597373,24,52,eyJhbGciOiJub25lIn0.eyJpYXQiOjE2OTIxMDE1NTgsImp0aSI6IjE2NzhmZDNlLWNmZTgtNGY4OS1hZGUxLTg1N2I4ZDcxZjRlNiJ9.,2023-08-15 12:16:25 UTC
0.4404505,0.4225926,0.01785784,24,58,eyJhbGciOiJub25lIn0.eyJpYXQiOjE2OTIxMDE1NTgsImp0aSI6IjE2NzhmZDNlLWNmZTgtNGY4OS1hZGUxLTg1N2I4ZDcxZjRlNiJ9.,2023-08-15 12:16:30 UTC
0.648909,0.6291547,0.01975429,37,64,eyJhbGciOiJub25lIn0.eyJpYXQiOjE2OTIxMDE1NTgsImp0aSI6IjE2NzhmZDNlLWNmZTgtNGY4OS1hZGUxLTg1N2I4ZDcxZjRlNiJ9.,2023-08-15 12:16:35 UTC
0.6868287,0.6654767,0.02135195,37,69,eyJhbGciOiJub25lIn0.eyJpYXQiOjE2OTIxMDE1NTgsImp0aSI6IjE2NzhmZDNlLWNmZTgtNGY4OS1hZGUxLTg1N2I4ZDcxZjRlNiJ9.,2023-08-15 12:16:40 UTC
0.04010327,0.04010327,0.0,3,0,eyJhbGciOiJub25lIn0.eyJpYXQiOjE2OTIxMTE4OTksImp0aSI6ImE2YzA3ZGY1LWYyZjctNGQxMi04MjY4LTBmYjAxMDQyMjcxZCJ9.,2023-08-15 15:07:34 UTC
0.06207517,0.06207517,0.0,3,0,eyJhbGciOiJub25lIn0.eyJpYXQiOjE2OTIxMTE4OTksImp0aSI6ImE2YzA3ZGY1LWYyZjctNGQxMi04MjY4LTBmYjAxMDQyMjcxZCJ9.,2023-08-15 15:07:39 UTC
0.06265792,0.06172099,0.0009369312,3,3,eyJhbGciOiJub25lIn0.eyJpYXQiOjE2OTIxMTE4OTksImp0aSI6ImE2YzA3ZGY1LWYyZjctNGQxMi04MjY4LTBmYjAxMDQyMjcxZCJ9.,2023-08-15 15:07:44 UTC
0.0511346,0.0499021,0.001232505,3,4,eyJhbGciOiJub25lIn0.eyJpYXQiOjE2OTIxMTE4OTksImp0aSI6ImE2YzA3ZGY1LWYyZjctNGQxMi04MjY4LTBmYjAxMDQyMjcxZCJ9.,2023-08-15 15:07:49 UTC
0.05964927,0.05841676,0.001232505,3,4,eyJhbGciOiJub25lIn0.eyJpYXQiOjE2OTIxMTE4OTksImp0aSI6ImE2YzA3ZGY1LWYyZjctNGQxMi04MjY4LTBmYjAxMDQyMjcxZCJ9.,2023-08-15 15:07:54 UTC
0.05031307,0.04879205,0.00152102,3,5,eyJhbGciOiJub25lIn0.eyJpYXQiOjE2OTIxMTE4OTksImp0aSI6ImE2YzA3ZGY1LWYyZjctNGQxMi04MjY4LTBmYjAxMDQyMjcxZCJ9.,2023-08-15 15:07:59 UTC
0.05169503,0.05017401,0.00152102,3,5,eyJhbGciOiJub25lIn0.eyJpYXQiOjE2OTIxMTE4OTksImp0aSI6ImE2YzA3ZGY1LWYyZjctNGQxMi04MjY4LTBmYjAxMDQyMjcxZCJ9.,2023-08-15 15:08:04 UTC
0.06436717,0.06253561,0.001831562,3,6,eyJhbGciOiJub25lIn0.eyJpYXQiOjE2OTIxMTE4OTksImp0aSI6ImE2YzA3ZGY1LWYyZjctNGQxMi04MjY4LTBmYjAxMDQyMjcxZCJ9.,2023-08-15 15:08:09 UTC
0.06605989,0.06390845,0.002151441,3,7,eyJhbGciOiJub25lIn0.eyJpYXQiOjE2OTIxMTE4OTksImp0aSI6ImE2YzA3ZGY1LWYyZjctNGQxMi04MjY4LTBmYjAxMDQyMjcxZCJ9.,2023-08-15 15:08:14 UTC
0.04791856,0.04547023,0.002448327,3,8,eyJhbGciOiJub25lIn0.eyJpYXQiOjE2OTIxMTE4OTksImp0aSI6ImE2YzA3ZGY1LWYyZjctNGQxMi04MjY4LTBmYjAxMDQyMjcxZCJ9.,2023-08-15 15:08:19 UTC
0.05289123,0.05015798,0.002733244,3,9,eyJhbGciOiJub25lIn0.eyJpYXQiOjE2OTIxMTE4OTksImp0aSI6ImE2YzA3ZGY1LWYyZjctNGQxMi04MjY4LTBmYjAxMDQyMjcxZCJ9.,2023-08-15 15:08:24 UTC
0.05025011,0.04720908,0.003041022,3,10,eyJhbGciOiJub25lIn0.eyJpYXQiOjE2OTIxMTE4OTksImp0aSI6ImE2YzA3ZGY1LWYyZjctNGQxMi04MjY4LTBmYjAxMDQyMjcxZCJ9.,2023-08-15 15:08:29 UTC
0.06875206,0.06571104,0.003041022,4,10,eyJhbGciOiJub25lIn0.eyJpYXQiOjE2OTIxMTE4OTksImp0aSI6ImE2YzA3ZGY1LWYyZjctNGQxMi04MjY4LTBmYjAxMDQyMjcxZCJ9.,2023-08-15 15:08:34 UTC
0.09732234,0.09366988,0.003652461,5,12,eyJhbGciOiJub25lIn0.eyJpYXQiOjE2OTIxMTE4OTksImp0aSI6ImE2YzA3ZGY1LWYyZjctNGQxMi04MjY4LTBmYjAxMDQyMjcxZCJ9.,2023-08-15 15:08:39 UTC
0.1090094,0.1053569,0.003652461,6,12,eyJhbGciOiJub25lIn0.eyJpYXQiOjE2OTIxMTE4OTksImp0aSI6ImE2YzA3ZGY1LWYyZjctNGQxMi04MjY4LTBmYjAxMDQyMjcxZCJ9.,2023-08-15 15:08:44 UTC
0.1275564,0.1233025,0.004253934,7,14,eyJhbGciOiJub25lIn0.eyJpYXQiOjE2OTIxMTE4OTksImp0aSI6ImE2YzA3ZGY1LWYyZjctNGQxMi04MjY4LTBmYjAxMDQyMjcxZCJ9.,2023-08-15 15:08:49 UTC
0.1491408,0.1446155,0.004525304,8,15,eyJhbGciOiJub25lIn0.eyJpYXQiOjE2OTIxMTE4OTksImp0aSI6ImE2YzA3ZGY1LWYyZjctNGQxMi04MjY4LTBmYjAxMDQyMjcxZCJ9.,2023-08-15 15:08:54 UTC
0.1775659,0.1722241,0.005341836,10,18,eyJhbGciOiJub25lIn0.eyJpYXQiOjE2OTIxMTE4OTksImp0aSI6ImE2YzA3ZGY1LWYyZjctNGQxMi04MjY4LTBmYjAxMDQyMjcxZCJ9.,2023-08-15 15:08:59 UTC
0.2070896,0.20148,0.005609632,12,19,eyJhbGciOiJub25lIn0.eyJpYXQiOjE2OTIxMTE4OTksImp0aSI6ImE2YzA3ZGY1LWYyZjctNGQxMi04MjY4LTBmYjAxMDQyMjcxZCJ9.,2023-08-15 15:09:04 UTC
0.2550594,0.2483912,0.006668195,15,23,eyJhbGciOiJub25lIn0.eyJpYXQiOjE2OTIxMTE4OTksImp0aSI6ImE2YzA3ZGY1LWYyZjctNGQxMi04MjY4LTBmYjAxMDQyMjcxZCJ9.,2023-08-15 15:09:09 UTC
0.2707072,0.2634206,0.007286597,15,25,eyJhbGciOiJub25lIn0.eyJpYXQiOjE2OTIxMTE4OTksImp0aSI6ImE2YzA3ZGY1LWYyZjctNGQxMi04MjY4LTBmYjAxMDQyMjcxZCJ9.,2023-08-15 15:09:14 UTC
0.2806777,0.2719399,0.008737749,15,30,eyJhbGciOiJub25lIn0.eyJpYXQiOjE2OTIxMTE4OTksImp0aSI6ImE2YzA3ZGY1LWYyZjctNGQxMi04MjY4LTBmYjAxMDQyMjcxZCJ9.,2023-08-15 15:09:19 UTC
0.3319921,0.3223032,0.009688916,20,33,eyJhbGciOiJub25lIn0.eyJpYXQiOjE2OTIxMTE4OTksImp0aSI6ImE2YzA3ZGY1LWYyZjctNGQxMi04MjY4LTBmYjAxMDQyMjcxZCJ9.,2023-08-15 15:09:24 UTC
0.3457491,0.3352838,0.01046522,20,36,eyJhbGciOiJub25lIn0.eyJpYXQiOjE2OTIxMTE4OTksImp0aSI6ImE2YzA3ZGY1LWYyZjctNGQxMi04MjY4LTBmYjAxMDQyMjcxZCJ9.,2023-08-15 15:09:29 UTC
0.3505605,0.3392047,0.01135588,20,39,eyJhbGciOiJub25lIn0.eyJpYXQiOjE2OTIxMTE4OTksImp0aSI6ImE2YzA3ZGY1LWYyZjctNGQxMi04MjY4LTBmYjAxMDQyMjcxZCJ9.,2023-08-15 15:09:34 UTC
0.3558591,0.3445032,0.01135588,20,39,eyJhbGciOiJub25lIn0.eyJpYXQiOjE2OTIxMTE4OTksImp0aSI6ImE2YzA3ZGY1LWYyZjctNGQxMi04MjY4LTBmYjAxMDQyMjcxZCJ9.,2023-08-15 15:09:39 UTC
0.4068714,0.3955156,0.01135588,20,39,eyJhbGciOiJub25lIn0.eyJpYXQiOjE2OTIxMTE4OTksImp0aSI6ImE2YzA3ZGY1LWYyZjctNGQxMi04MjY4LTBmYjAxMDQyMjcxZCJ9.,2023-08-15 15:09:44 UTC
0.436297,0.4249412,0.01135588,20,39,eyJhbGciOiJub25lIn0.eyJpYXQiOjE2OTIxMTE4OTksImp0aSI6ImE2YzA3ZGY1LWYyZjctNGQxMi04MjY4LTBmYjAxMDQyMjcxZCJ9.,2023-08-15 15:09:49 UTC
0.05435343,0.05435343,0.0,3,0,eyJhbGciOiJub25lIn0.eyJpYXQiOjE2OTIxMTIzODAsImp0aSI6ImJhYTI4NmRmLTU1YmItNGE3ZS05OTRhLTgwYmU5NzE2NDM2ZCJ9.,2023-08-15 15:14:56 UTC
0.06512236,0.06481295,0.0003094114,3,1,eyJhbGciOiJub25lIn0.eyJpYXQiOjE2OTIxMTIzODAsImp0aSI6ImJhYTI4NmRmLTU1YmItNGE3ZS05OTRhLTgwYmU5NzE2NDM2ZCJ9.,2023-08-15 15:15:01 UTC
0.05141072,0.05079583,0.0006148939,3,2,eyJhbGciOiJub25lIn0.eyJpYXQiOjE2OTIxMTIzODAsImp0aSI6ImJhYTI4NmRmLTU1YmItNGE3ZS05OTRhLTgwYmU5NzE2NDM2ZCJ9.,2023-08-15 15:15:07 UTC
0.06462624,0.06339697,0.001229274,3,4,eyJhbGciOiJub25lIn0.eyJpYXQiOjE2OTIxMTIzODAsImp0aSI6ImJhYTI4NmRmLTU1YmItNGE3ZS05OTRhLTgwYmU5NzE2NDM2ZCJ9.,2023-08-15 15:15:12 UTC
0.05021987,0.0489906,0.001229274,3,4,eyJhbGciOiJub25lIn0.eyJpYXQiOjE2OTIxMTIzODAsImp0aSI6ImJhYTI4NmRmLTU1YmItNGE3ZS05OTRhLTgwYmU5NzE2NDM2ZCJ9.,2023-08-15 15:15:17 UTC
0.05665747,0.05514988,0.00150759,3,5,eyJhbGciOiJub25lIn0.eyJpYXQiOjE2OTIxMTIzODAsImp0aSI6ImJhYTI4NmRmLTU1YmItNGE3ZS05OTRhLTgwYmU5NzE2NDM2ZCJ9.,2023-08-15 15:15:22 UTC
0.05346878,0.0517067,0.001762077,3,6,eyJhbGciOiJub25lIn0.eyJpYXQiOjE2OTIxMTIzODAsImp0aSI6ImJhYTI4NmRmLTU1YmItNGE3ZS05OTRhLTgwYmU5NzE2NDM2ZCJ9.,2023-08-15 15:15:27 UTC
0.04579066,0.04372699,0.002063674,3,7,eyJhbGciOiJub25lIn0.eyJpYXQiOjE2OTIxMTIzODAsImp0aSI6ImJhYTI4NmRmLTU1YmItNGE3ZS05OTRhLTgwYmU5NzE2NDM2ZCJ9.,2023-08-15 15:15:32 UTC
0.08374746,0.08136761,0.002379853,4,8,eyJhbGciOiJub25lIn0.eyJpYXQiOjE2OTIxMTIzODAsImp0aSI6ImJhYTI4NmRmLTU1YmItNGE3ZS05OTRhLTgwYmU5NzE2NDM2ZCJ9.,2023-08-15 15:15:37 UTC
0.09005176,0.08767191,0.002379853,5,8,eyJhbGciOiJub25lIn0.eyJpYXQiOjE2OTIxMTIzODAsImp0aSI6ImJhYTI4NmRmLTU1YmItNGE3ZS05OTRhLTgwYmU5NzE2NDM2ZCJ9.,2023-08-15 15:15:42 UTC
0.1122022,0.1089745,0.003227742,6,11,eyJhbGciOiJub25lIn0.eyJpYXQiOjE2OTIxMTIzODAsImp0aSI6ImJhYTI4NmRmLTU1YmItNGE3ZS05OTRhLTgwYmU5NzE2NDM2ZCJ9.,2023-08-15 15:15:47 UTC
0.1217765,0.118234,0.003542428,7,12,eyJhbGciOiJub25lIn0.eyJpYXQiOjE2OTIxMTIzODAsImp0aSI6ImJhYTI4NmRmLTU1YmItNGE3ZS05OTRhLTgwYmU5NzE2NDM2ZCJ9.,2023-08-15 15:15:52 UTC
0.1459368,0.1415615,0.004375309,8,15,eyJhbGciOiJub25lIn0.eyJpYXQiOjE2OTIxMTIzODAsImp0aSI6ImJhYTI4NmRmLTU1YmItNGE3ZS05OTRhLTgwYmU5NzE2NDM2ZCJ9.,2023-08-15 15:15:57 UTC
0.1744428,0.1694628,0.004979965,10,17,eyJhbGciOiJub25lIn0.eyJpYXQiOjE2OTIxMTIzODAsImp0aSI6ImJhYTI4NmRmLTU1YmItNGE3ZS05OTRhLTgwYmU5NzE2NDM2ZCJ9.,2023-08-15 15:16:02 UTC
0.2199351,0.2144209,0.005514226,13,19,eyJhbGciOiJub25lIn0.eyJpYXQiOjE2OTIxMTIzODAsImp0aSI6ImJhYTI4NmRmLTU1YmItNGE3ZS05OTRhLTgwYmU5NzE2NDM2ZCJ9.,2023-08-15 15:16:07 UTC
0.2843221,0.2782697,0.006052332,17,21,eyJhbGciOiJub25lIn0.eyJpYXQiOjE2OTIxMTIzODAsImp0aSI6ImJhYTI4NmRmLTU1YmItNGE3ZS05OTRhLTgwYmU5NzE2NDM2ZCJ9.,2023-08-15 15:16:12 UTC
0.3124035,0.3051457,0.007257856,17,25,eyJhbGciOiJub25lIn0.eyJpYXQiOjE2OTIxMTIzODAsImp0aSI6ImJhYTI4NmRmLTU1YmItNGE3ZS05OTRhLTgwYmU5NzE2NDM2ZCJ9.,2023-08-15 15:16:17 UTC
0.3046566,0.2962931,0.00836349,17,29,eyJhbGciOiJub25lIn0.eyJpYXQiOjE2OTIxMTIzODAsImp0aSI6ImJhYTI4NmRmLTU1YmItNGE3ZS05OTRhLTgwYmU5NzE2NDM2ZCJ9.,2023-08-15 15:16:22 UTC
0.2951802,0.2848892,0.01029099,17,35,eyJhbGciOiJub25lIn0.eyJpYXQiOjE2OTIxMTIzODAsImp0aSI6ImJhYTI4NmRmLTU1YmItNGE3ZS05OTRhLTgwYmU5NzE2NDM2ZCJ9.,2023-08-15 15:16:27 UTC
0.4083434,0.3971626,0.01118077,23,38,eyJhbGciOiJub25lIn0.eyJpYXQiOjE2OTIxMTIzODAsImp0aSI6ImJhYTI4NmRmLTU1YmItNGE3ZS05OTRhLTgwYmU5NzE2NDM2ZCJ9.,2023-08-15 15:16:32 UTC
0.4213921,0.4074759,0.01391619,23,47,eyJhbGciOiJub25lIn0.eyJpYXQiOjE2OTIxMTIzODAsImp0aSI6ImJhYTI4NmRmLTU1YmItNGE3ZS05OTRhLTgwYmU5NzE2NDM2ZCJ9.,2023-08-15 15:16:37 UTC
0.4051346,0.3900259,0.01510867,23,51,eyJhbGciOiJub25lIn0.eyJpYXQiOjE2OTIxMTIzODAsImp0aSI6ImJhYTI4NmRmLTU1YmItNGE3ZS05OTRhLTgwYmU5NzE2NDM2ZCJ9.,2023-08-15 15:16:42 UTC
0.6103343,0.5937728,0.01656151,34,56,eyJhbGciOiJub25lIn0.eyJpYXQiOjE2OTIxMTIzODAsImp0aSI6ImJhYTI4NmRmLTU1YmItNGE3ZS05OTRhLTgwYmU5NzE2NDM2ZCJ9.,2023-08-15 15:16:47 UTC
0.6330173,0.6139001,0.01911725,34,64,eyJhbGciOiJub25lIn0.eyJpYXQiOjE2OTIxMTIzODAsImp0aSI6ImJhYTI4NmRmLTU1YmItNGE3ZS05OTRhLTgwYmU5NzE2NDM2ZCJ9.,2023-08-15 15:16:52 UTC
0.6337778,0.6124365,0.02134134,34,71,eyJhbGciOiJub25lIn0.eyJpYXQiOjE2OTIxMTIzODAsImp0aSI6ImJhYTI4NmRmLTU1YmItNGE3ZS05OTRhLTgwYmU5NzE2NDM2ZCJ9.,2023-08-15 15:16:57 UTC
0.6070736,0.5831817,0.02389185,34,79,eyJhbGciOiJub25lIn0.eyJpYXQiOjE2OTIxMTIzODAsImp0aSI6ImJhYTI4NmRmLTU1YmItNGE3ZS05OTRhLTgwYmU5NzE2NDM2ZCJ9.,2023-08-15 15:17:02 UTC
0.6042612,0.5788578,0.02540345,34,84,eyJhbGciOiJub25lIn0.eyJpYXQiOjE2OTIxMTIzODAsImp0aSI6ImJhYTI4NmRmLTU1YmItNGE3ZS05OTRhLTgwYmU5NzE2NDM2ZCJ9.,2023-08-15 15:17:07 UTC
0.5990279,0.5721627,0.02686526,34,89,eyJhbGciOiJub25lIn0.eyJpYXQiOjE2OTIxMTIzODAsImp0aSI6ImJhYTI4NmRmLTU1YmItNGE3ZS05OTRhLTgwYmU5NzE2NDM2ZCJ9.,2023-08-15 15:17:12 UTC
1.052897,1.023492,0.02940496,58,97,eyJhbGciOiJub25lIn0.eyJpYXQiOjE2OTIxMTIzODAsImp0aSI6ImJhYTI4NmRmLTU1YmItNGE3ZS05OTRhLTgwYmU5NzE2NDM2ZCJ9.,2023-08-15 15:17:17 UTC
0.3279264,0.2957284,0.03219797,17,106,eyJhbGciOiJub25lIn0.eyJpYXQiOjE2OTIxMTIzODAsImp0aSI6ImJhYTI4NmRmLTU1YmItNGE3ZS05OTRhLTgwYmU5NzE2NDM2ZCJ9.,2023-08-15 15:17:22 UTC
0.5195954,0.4841945,0.03540085,25,116,eyJhbGciOiJub25lIn0.eyJpYXQiOjE2OTIxMTIzODAsImp0aSI6ImJhYTI4NmRmLTU1YmItNGE3ZS05OTRhLTgwYmU5NzE2NDM2ZCJ9.,2023-08-15 15:17:27 UTC
1.18751,1.148677,0.03883281,70,127,eyJhbGciOiJub25lIn0.eyJpYXQiOjE2OTIxMTIzODAsImp0aSI6ImJhYTI4NmRmLTU1YmItNGE3ZS05OTRhLTgwYmU5NzE2NDM2ZCJ9.,2023-08-15 15:17:32 UTC
0.2371544,0.1948359,0.0423185,11,138,eyJhbGciOiJub25lIn0.eyJpYXQiOjE2OTIxMTIzODAsImp0aSI6ImJhYTI4NmRmLTU1YmItNGE3ZS05OTRhLTgwYmU5NzE2NDM2ZCJ9.,2023-08-15 15:17:37 UTC
0.3510074,0.3055378,0.04546967,17,148,eyJhbGciOiJub25lIn0.eyJpYXQiOjE2OTIxMTIzODAsImp0aSI6ImJhYTI4NmRmLTU1YmItNGE3ZS05OTRhLTgwYmU5NzE2NDM2ZCJ9.,2023-08-15 15:17:42 UTC
0.540543,0.4922717,0.0482713,29,157,eyJhbGciOiJub25lIn0.eyJpYXQiOjE2OTIxMTIzODAsImp0aSI6ImJhYTI4NmRmLTU1YmItNGE3ZS05OTRhLTgwYmU5NzE2NDM2ZCJ9.,2023-08-15 15:17:47 UTC
1.833489,1.782966,0.0505232,115,164,eyJhbGciOiJub25lIn0.eyJpYXQiOjE2OTIxMTIzODAsImp0aSI6ImJhYTI4NmRmLTU1YmItNGE3ZS05OTRhLTgwYmU5NzE2NDM2ZCJ9.,2023-08-15 15:17:52 UTC
0.06668251,0.0125,0.05418251,1,176,eyJhbGciOiJub25lIn0.eyJpYXQiOjE2OTIxMTIzODAsImp0aSI6ImJhYTI4NmRmLTU1YmItNGE3ZS05OTRhLTgwYmU5NzE2NDM2ZCJ9.,2023-08-15 15:17:57 UTC
0.08806361,0.03010689,0.05795672,2,188,eyJhbGciOiJub25lIn0.eyJpYXQiOjE2OTIxMTIzODAsImp0aSI6ImJhYTI4NmRmLTU1YmItNGE3ZS05OTRhLTgwYmU5NzE2NDM2ZCJ9.,2023-08-15 15:18:02 UTC
0.1440843,0.08232766,0.06175666,4,200,eyJhbGciOiJub25lIn0.eyJpYXQiOjE2OTIxMTIzODAsImp0aSI6ImJhYTI4NmRmLTU1YmItNGE3ZS05OTRhLTgwYmU5NzE2NDM2ZCJ9.,2023-08-15 15:18:07 UTC
0.1983275,0.1347922,0.06353531,6,206,eyJhbGciOiJub25lIn0.eyJpYXQiOjE2OTIxMTIzODAsImp0aSI6ImJhYTI4NmRmLTU1YmItNGE3ZS05OTRhLTgwYmU5NzE2NDM2ZCJ9.,2023-08-15 15:18:12 UTC
0.05988832,0.05988832,0.0,3,0,eyJhbGciOiJub25lIn0.eyJpYXQiOjE2OTIxODM3NzgsImp0aSI6ImJmZGFhYjg2LTFlYzctNGRiOC05MmMyLTg2YWFkZTU3MmJlYyJ9.,2023-08-16 11:10:54 UTC
0.07038853,0.06976351,0.0006250147,3,2,eyJhbGciOiJub25lIn0.eyJpYXQiOjE2OTIxODM3NzgsImp0aSI6ImJmZGFhYjg2LTFlYzctNGRiOC05MmMyLTg2YWFkZTU3MmJlYyJ9.,2023-08-16 11:10:59 UTC
0.04641711,0.04547918,0.0009379303,3,3,eyJhbGciOiJub25lIn0.eyJpYXQiOjE2OTIxODM3NzgsImp0aSI6ImJmZGFhYjg2LTFlYzctNGRiOC05MmMyLTg2YWFkZTU3MmJlYyJ9.,2023-08-16 11:11:04 UTC
0.05787591,0.05693798,0.0009379303,3,3,eyJhbGciOiJub25lIn0.eyJpYXQiOjE2OTIxODM3NzgsImp0aSI6ImJmZGFhYjg2LTFlYzctNGRiOC05MmMyLTg2YWFkZTU3MmJlYyJ9.,2023-08-16 11:11:09 UTC
0.05749914,0.05592469,0.001574448,3,5,eyJhbGciOiJub25lIn0.eyJpYXQiOjE2OTIxODM3NzgsImp0aSI6ImJmZGFhYjg2LTFlYzctNGRiOC05MmMyLTg2YWFkZTU3MmJlYyJ9.,2023-08-16 11:11:14 UTC
0.04845534,0.04656887,0.001886468,3,6,eyJhbGciOiJub25lIn0.eyJpYXQiOjE2OTIxODM3NzgsImp0aSI6ImJmZGFhYjg2LTFlYzctNGRiOC05MmMyLTg2YWFkZTU3MmJlYyJ9.,2023-08-16 11:11:19 UTC
0.0460309,0.04383755,0.002193352,3,7,eyJhbGciOiJub25lIn0.eyJpYXQiOjE2OTIxODM3NzgsImp0aSI6ImJmZGFhYjg2LTFlYzctNGRiOC05MmMyLTg2YWFkZTU3MmJlYyJ9.,2023-08-16 11:11:24 UTC
0.04830579,0.04611244,0.002193352,3,7,eyJhbGciOiJub25lIn0.eyJpYXQiOjE2OTIxODM3NzgsImp0aSI6ImJmZGFhYjg2LTFlYzctNGRiOC05MmMyLTg2YWFkZTU3MmJlYyJ9.,2023-08-16 11:11:29 UTC
0.05325861,0.05076604,0.002492575,3,8,eyJhbGciOiJub25lIn0.eyJpYXQiOjE2OTIxODM3NzgsImp0aSI6ImJmZGFhYjg2LTFlYzctNGRiOC05MmMyLTg2YWFkZTU3MmJlYyJ9.,2023-08-16 11:11:34 UTC
0.05239399,0.04990141,0.002492575,3,8,eyJhbGciOiJub25lIn0.eyJpYXQiOjE2OTIxODM3NzgsImp0aSI6ImJmZGFhYjg2LTFlYzctNGRiOC05MmMyLTg2YWFkZTU3MmJlYyJ9.,2023-08-16 11:11:39 UTC
0.05502108,0.05192726,0.003093824,3,10,eyJhbGciOiJub25lIn0.eyJpYXQiOjE2OTIxODM3NzgsImp0aSI6ImJmZGFhYjg2LTFlYzctNGRiOC05MmMyLTg2YWFkZTU3MmJlYyJ9.,2023-08-16 11:11:44 UTC
0.04724654,0.0438944,0.003352141,3,11,eyJhbGciOiJub25lIn0.eyJpYXQiOjE2OTIxODM3NzgsImp0aSI6ImJmZGFhYjg2LTFlYzctNGRiOC05MmMyLTg2YWFkZTU3MmJlYyJ9.,2023-08-16 11:11:49 UTC
0.05476823,0.0514161,0.003352141,3,11,eyJhbGciOiJub25lIn0.eyJpYXQiOjE2OTIxODM3NzgsImp0aSI6ImJmZGFhYjg2LTFlYzctNGRiOC05MmMyLTg2YWFkZTU3MmJlYyJ9.,2023-08-16 11:11:54 UTC
0.06032687,0.05697473,0.003352141,3,11,eyJhbGciOiJub25lIn0.eyJpYXQiOjE2OTIxODM3NzgsImp0aSI6ImJmZGFhYjg2LTFlYzctNGRiOC05MmMyLTg2YWFkZTU3MmJlYyJ9.,2023-08-16 11:11:59 UTC
0.05595059,0.05228118,0.003669408,3,12,eyJhbGciOiJub25lIn0.eyJpYXQiOjE2OTIxODM3NzgsImp0aSI6ImJmZGFhYjg2LTFlYzctNGRiOC05MmMyLTg2YWFkZTU3MmJlYyJ9.,2023-08-16 11:12:04 UTC
0.07755226,0.07339069,0.004161575,4,14,eyJhbGciOiJub25lIn0.eyJpYXQiOjE2OTIxODM3NzgsImp0aSI6ImJmZGFhYjg2LTFlYzctNGRiOC05MmMyLTg2YWFkZTU3MmJlYyJ9.,2023-08-16 11:12:09 UTC
0.09343948,0.08899658,0.004442898,5,15,eyJhbGciOiJub25lIn0.eyJpYXQiOjE2OTIxODM3NzgsImp0aSI6ImJmZGFhYjg2LTFlYzctNGRiOC05MmMyLTg2YWFkZTU3MmJlYyJ9.,2023-08-16 11:12:14 UTC
0.1169358,0.1118934,0.005042359,6,17,eyJhbGciOiJub25lIn0.eyJpYXQiOjE2OTIxODM3NzgsImp0aSI6ImJmZGFhYjg2LTFlYzctNGRiOC05MmMyLTg2YWFkZTU3MmJlYyJ9.,2023-08-16 11:12:19 UTC
0.1280556,0.1223805,0.005675082,7,19,eyJhbGciOiJub25lIn0.eyJpYXQiOjE2OTIxODM3NzgsImp0aSI6ImJmZGFhYjg2LTFlYzctNGRiOC05MmMyLTg2YWFkZTU3MmJlYyJ9.,2023-08-16 11:12:24 UTC
0.1621984,0.1559169,0.006281496,9,21,eyJhbGciOiJub25lIn0.eyJpYXQiOjE2OTIxODM3NzgsImp0aSI6ImJmZGFhYjg2LTFlYzctNGRiOC05MmMyLTg2YWFkZTU3MmJlYyJ9.,2023-08-16 11:12:29 UTC
0.1626262,0.1560456,0.006580534,11,22,eyJhbGciOiJub25lIn0.eyJpYXQiOjE2OTIxODM3NzgsImp0aSI6ImJmZGFhYjg2LTFlYzctNGRiOC05MmMyLTg2YWFkZTU3MmJlYyJ9.,2023-08-16 11:12:34 UTC
0.2177848,0.2109143,0.006870461,14,23,eyJhbGciOiJub25lIn0.eyJpYXQiOjE2OTIxODM3NzgsImp0aSI6ImJmZGFhYjg2LTFlYzctNGRiOC05MmMyLTg2YWFkZTU3MmJlYyJ9.,2023-08-16 11:12:39 UTC
0.287948,0.2810775,0.006870461,18,23,eyJhbGciOiJub25lIn0.eyJpYXQiOjE2OTIxODM3NzgsImp0aSI6ImJmZGFhYjg2LTFlYzctNGRiOC05MmMyLTg2YWFkZTU3MmJlYyJ9.,2023-08-16 11:12:44 UTC
0.3108127,0.3025003,0.008312335,18,28,eyJhbGciOiJub25lIn0.eyJpYXQiOjE2OTIxODM3NzgsImp0aSI6ImJmZGFhYjg2LTFlYzctNGRiOC05MmMyLTg2YWFkZTU3MmJlYyJ9.,2023-08-16 11:12:49 UTC
0.3239687,0.3144087,0.009559971,18,32,eyJhbGciOiJub25lIn0.eyJpYXQiOjE2OTIxODM3NzgsImp0aSI6ImJmZGFhYjg2LTFlYzctNGRiOC05MmMyLTg2YWFkZTU3MmJlYyJ9.,2023-08-16 11:12:54 UTC
0.3109868,0.3005776,0.01040927,18,35,eyJhbGciOiJub25lIn0.eyJpYXQiOjE2OTIxODM3NzgsImp0aSI6ImJmZGFhYjg2LTFlYzctNGRiOC05MmMyLTg2YWFkZTU3MmJlYyJ9.,2023-08-16 11:12:59 UTC
0.3348968,0.3233531,0.01154376,18,39,eyJhbGciOiJub25lIn0.eyJpYXQiOjE2OTIxODM3NzgsImp0aSI6ImJmZGFhYjg2LTFlYzctNGRiOC05MmMyLTg2YWFkZTU3MmJlYyJ9.,2023-08-16 11:13:04 UTC
0.3419183,0.3288134,0.01310487,18,44,eyJhbGciOiJub25lIn0.eyJpYXQiOjE2OTIxODM3NzgsImp0aSI6ImJmZGFhYjg2LTFlYzctNGRiOC05MmMyLTg2YWFkZTU3MmJlYyJ9.,2023-08-16 11:13:09 UTC
0.4684354,0.4537807,0.01465463,26,49,eyJhbGciOiJub25lIn0.eyJpYXQiOjE2OTIxODM3NzgsImp0aSI6ImJmZGFhYjg2LTFlYzctNGRiOC05MmMyLTg2YWFkZTU3MmJlYyJ9.,2023-08-16 11:13:14 UTC
0.483449,0.4672411,0.01620785,26,54,eyJhbGciOiJub25lIn0.eyJpYXQiOjE2OTIxODM3NzgsImp0aSI6ImJmZGFhYjg2LTFlYzctNGRiOC05MmMyLTg2YWFkZTU3MmJlYyJ9.,2023-08-16 11:13:19 UTC
